-- phpMyAdmin SQL Dump
-- version 4.7.4
-- https://www.phpmyadmin.net/
--
-- Host: 127.0.0.1
-- Generation Time: Apr 04, 2018 at 08:12 AM
-- Server version: 10.1.29-MariaDB
-- PHP Version: 7.2.0

SET SQL_MODE = "NO_AUTO_VALUE_ON_ZERO";
SET AUTOCOMMIT = 0;
START TRANSACTION;
SET time_zone = "+00:00";


/*!40101 SET @OLD_CHARACTER_SET_CLIENT=@@CHARACTER_SET_CLIENT */;
/*!40101 SET @OLD_CHARACTER_SET_RESULTS=@@CHARACTER_SET_RESULTS */;
/*!40101 SET @OLD_COLLATION_CONNECTION=@@COLLATION_CONNECTION */;
/*!40101 SET NAMES utf8mb4 */;

--
-- Database: `events`
--

-- --------------------------------------------------------

--
-- Table structure for table `backgrounds`
--

CREATE TABLE `backgrounds` (
  `background_id` int(11) NOT NULL,
  `background_path` varchar(150) NOT NULL,
  `background_status` int(11) NOT NULL DEFAULT '0'
) ENGINE=InnoDB DEFAULT CHARSET=utf8;

--
-- Dumping data for table `backgrounds`
--

INSERT INTO `backgrounds` (`background_id`, `background_path`, `background_status`) VALUES
(506, '../imgs/backgrounds/background.png', 0),
(514, '../imgs/backgrounds/background_black.png', 0),
(524, '../imgs/backgrounds/events.jpg', 0),
(527, '../imgs/backgrounds/الشاشة.png', 1);

-- --------------------------------------------------------

--
-- Table structure for table `committees`
--

CREATE TABLE `committees` (
  `committee_id` int(11) NOT NULL,
  `committee_name` varchar(100) NOT NULL,
  `directorate_id` int(11) NOT NULL
) ENGINE=InnoDB DEFAULT CHARSET=utf8;

--
-- Dumping data for table `committees`
--

INSERT INTO `committees` (`committee_id`, `committee_name`, `directorate_id`) VALUES
(2, '', 2),
(3, '', 3),
(4, '', 4),
(9, 'لجنة العمل والتنمية الاجتماعية والسكان', 2),
(10, 'اللجنة القانونية', 2),
(11, 'لجنة الخدمات العامة والنقل', 2),
(12, 'لجنة التربية والتعليم والثقافة', 2),
(13, 'لجنة الشؤون الخارجية', 2),
(14, 'لجنة النزاهة والشفافية وتقصي الحقائق', 2),
(15, 'لجنة الصحة والبيئة', 2),
(16, 'لجنة الشباب والرياضة', 2),
(17, 'لجنة الاقتصاد والاستثمار', 2),
(19, 'لجنة السياحة والاثار', 2),
(20, 'لجنة الاخوة الاردنية السعودية', 3),
(21, 'لجنة الاخورة الاردنية الجزائرية', 3),
(22, 'لجنة الاخوة الاردنية القطرية', 3),
(23, 'لجنة الاخوة البرلمانية الاردنية اللبنانية', 3),
(24, 'كتلة الوفاء والعهد', 4),
(28, 'كتلة التجديد', 4),
(31, 'لجنة الطاقة والثروة المعدنية', 2),
(38, 'اللجنة المالية', 2),
(39, 'اللجنة الادارية', 2),
(40, 'لجنة التوجيه الوطني والاعلام', 2),
(41, 'لجنة الزراعة والمياه', 2),
(42, 'لجنة الحريات العامة وحقوق الانسان', 2),
(43, 'لجنة فلسطين', 2),
(44, 'لجنة الريف والبادية', 2),
(45, 'لجنة النظام والسلوك', 2),
(46, 'لجنة المرأة وشؤون الأسرة', 2),
(47, 'كتلة العدالة', 2);

-- --------------------------------------------------------

--
-- Table structure for table `events`
--

CREATE TABLE `events` (
  `id` int(11) NOT NULL,
  `committee_id` int(11) NOT NULL,
  `event_entity_name` varchar(150) NOT NULL,
  `time` time NOT NULL,
  `event_appointment` varchar(30) DEFAULT NULL,
  `subject` text NOT NULL,
  `event_date` date NOT NULL,
  `hall_id` int(11) NOT NULL,
  `event_place` varchar(150) NOT NULL,
  `event_insertion_date` datetime NOT NULL DEFAULT CURRENT_TIMESTAMP,
  `user_id_insert` int(11) NOT NULL,
  `event_edit_date` datetime NOT NULL DEFAULT '0000-00-00 00:00:00',
  `user_id_edit` int(11) NOT NULL DEFAULT '-1',
  `directorate_id` int(11) NOT NULL,
  `event_status` int(11) NOT NULL DEFAULT '0'
) ENGINE=InnoDB DEFAULT CHARSET=utf8 ROW_FORMAT=COMPACT;

--
-- Dumping data for table `events`
--

INSERT INTO `events` (`id`, `committee_id`, `event_entity_name`, `time`, `event_appointment`, `subject`, `event_date`, `hall_id`, `event_place`, `event_insertion_date`, `user_id_insert`, `event_edit_date`, `user_id_edit`, `directorate_id`, `event_status`) VALUES
(177, 17, '', '11:00:00', NULL, 'زيارة إلى صندوق استثمار أموال الضمان الاجتماعي للاطلاع على آليات عمله وخطته الاستثمارية', '2017-09-14', 0, 'صندوق استثمار أموال الضمان الاجتماعي', '2017-09-14 11:29:12', 30629, '2017-09-14 11:29:22', 30629, 2, 1),
(180, 16, '', '14:00:00', NULL, 'لقاء وفداً طلابياً من جامعة عمان العربية للاطلاع على آلية عمل اللجنة', '2017-09-17', 0, '', '2017-09-16 13:27:03', 30566, '2017-09-16 23:20:09', 30566, 2, 1),
(181, 16, '', '14:00:00', NULL, 'زيارة إلى وزارة التخطيط والتعاون الدولي.', '2017-09-18', 0, 'وزارة التخطيط والتعاون الدولي', '2017-09-18 10:27:09', 30629, '2017-09-18 12:45:54', 30566, 2, 1),
(196, 44, '', '11:00:00', NULL, 'مناقشة مطالب مربي الثروة الحيوانية في البادية الأردنية.', '2017-09-26', 0, 'عاكف الفايز          الطابق الأول', '2017-09-24 12:38:37', 30629, '2017-09-26 09:53:06', 30566, 2, 1),
(197, 2, 'لجنة الأخوة البرلمانية الأردنية - المصرية', '11:30:00', NULL, 'انتخاب رئيس ومقرر للجنة.', '2017-09-26', 4, '', '2017-09-24 12:40:26', 30629, '2017-09-26 08:37:14', 30629, 2, 1),
(198, 43, '', '12:00:00', NULL, '<br /><br /><br />\nلقاء مع لجنة فلسطين - نقابة الصحفيين.', '2017-09-27', 4, '', '2017-09-26 11:36:28', 30629, '2017-09-27 08:51:39', 30629, 2, 1),
(199, 42, '', '11:00:00', NULL, 'زيارة إلى مركز اصلاح وتأهيل سواقة لبحث أسباب الأحداث والإضراب الذي حدث مؤخراً في المركز.<br /><br />\nملاحظة:<br /><br />\nالانطلاق من أمام مجلس النواب الساعة 9:00 صباحاً.', '2017-09-27', 0, 'مركز اصلاح وتاهيل السواقة', '2017-09-26 12:22:59', 30629, '2017-09-26 12:41:26', 30629, 2, 1),
(200, 2, 'لجنة الأخوة البرلمانية الأردنية – الجزائرية', '11:00:00', NULL, 'انتخاب رئيس ومقرر للجنة.', '2017-09-27', 4, '', '2017-09-26 12:40:52', 30629, '0000-00-00 00:00:00', -1, 2, 1),
(201, 11, '', '11:00:00', NULL, 'زيارة إلى مطار الملكة علياء الدولي للاطلاع على واقع العمل في المطار.<br />\r\nملاحظة:<br />\r\nالانطلاق من أمام مجلس النواب الساعة 10:00 صباحاً.', '2017-10-01', 0, 'مطار الملكة علياء الدولي', '2017-09-27 10:11:46', 30629, '0000-00-00 00:00:00', -1, 2, 1),
(202, 2, 'لجنة الأخوة البرلمانية الأردنية – السودانية', '11:00:00', NULL, 'انتخاب رئيس ومقرر للجنة.', '2017-10-03', 4, '', '2017-09-27 12:11:56', 30629, '2017-10-02 15:45:07', 30629, 2, 1),
(203, 2, 'كتلة الوفاق النيابية', '10:30:00', NULL, 'زيارة إلى محافظة البلقاء والالتقاء بعطوفة محافظ السلط ومجلس المحافظة وعطوفة رئيس بلدية السلط وزيارة مؤسسة اعمار السلط ومدرسة السلط الثانوية للبنين.<br /><br />\nملاحظة:<br /><br />\nالانطلاق من مجلس النواب الساعة 10:00 صباحاً.', '2017-10-02', 0, 'محافظة البلقاء', '2017-09-28 11:54:53', 30629, '2017-09-28 11:55:17', 30629, 2, 1),
(204, 9, '', '11:00:00', NULL, 'مناقشة موضوع شمول المعينين على نظام شراء الخدمات في مؤسسة الإذاعة والتلفزيون بالضمان الاجتماعي.', '2017-10-02', 6, '', '2017-09-28 15:38:14', 30629, '2017-10-01 15:24:25', 30629, 2, 1),
(209, 2, 'كتلة وطن النيابية', '12:30:00', NULL, 'لقاء مع دولة رئيس الوزراء الدكتور هاني الملقي لبحث آخر المستجدات.', '2017-10-02', 4, '', '2017-10-01 14:14:13', 30629, '0000-00-00 00:00:00', -1, 2, 1),
(210, 42, '', '13:00:00', NULL, 'لقاء مع وفد من طلبة جامعة ميدل بيري الامريكية.', '2017-10-03', 4, '', '2017-10-01 15:16:48', 30629, '2017-10-02 15:45:14', 30629, 2, 1),
(212, 2, 'لجنة الشؤون الخارجية', '10:00:00', NULL, 'الالتقاء مع سعادة سفير جورجيا. ', '2017-10-04', 0, 'قاعة التشريفات الطابق الثاني', '2017-10-02 20:02:54', 30629, '2017-10-04 10:00:38', 30566, 2, 1),
(213, 13, '', '11:30:00', NULL, 'الالتقاء مع وفد من نواب ولاية ساوث كارولاينا الامريكية.<br /><br />\n', '2017-10-04', 0, 'قاعة عبدالحليم النمر الطابق الأول', '2017-10-02 20:03:52', 30629, '2017-10-04 09:38:40', 30629, 2, 1),
(214, 46, '', '12:00:00', NULL, 'لقاء مع الجمعيات الخيرية من محافظة المفرق والبادية الشمالية.', '2017-10-04', 4, '', '2017-10-03 09:43:00', 30629, '2017-10-04 09:38:54', 30629, 2, 1),
(215, 2, 'لجنة الأخوة البرلمانية الأردنية - العراقية', '11:00:00', NULL, 'لقاء مع سعادة سفير جمهورية العراق.', '2017-10-15', 0, '', '2017-10-04 15:04:42', 30629, '0000-00-00 00:00:00', -1, 2, 1),
(216, 39, '', '13:00:00', NULL, 'الاطلاع على قرار لجنة دراسة واقع حال الاشخاص المشترى خدماتهم على حساب شراء الخدمات.', '2017-10-09', 4, '', '2017-10-05 13:15:50', 30629, '2017-10-08 15:57:20', 30629, 2, 1),
(217, 43, '', '13:00:00', NULL, 'الساعة 1:00 زيارة للجامعة الهاشمية وذلك لتكريم رئيس الجامعة وزملائه لمواقفهم الداعمة للقضية الفلسطينية وتدريس مادة القضية الفلسطينية. <br /><br /><br />\n<br />\nملاحظة: الانطلاق من مجلس النواب الساعة 12:00 ظهراً.', '2017-10-09', 0, 'الجامعة الهاشمية', '2017-10-08 15:30:00', 30629, '2017-10-09 09:01:35', 30629, 2, 1),
(218, 13, '', '11:00:00', NULL, 'لقاء مع سعادة السفير التشيلي.	<br /><br />\n', '2017-10-11', 9, '', '2017-10-08 15:35:59', 30629, '2017-10-10 16:06:51', 30629, 2, 1),
(219, 15, '', '11:30:00', NULL, 'اجتماع مع لجنة موظفي وزارة الصحة للاستماع لمطالبهم.<br /><br /><br />\n', '2017-10-10', 6, '', '2017-10-08 15:40:38', 30629, '2017-10-10 07:30:15', 30629, 2, 1),
(220, 15, '', '13:00:00', NULL, 'اجتماع مع عدد من الاطباء للحديث عن الأمراض الاستقلابية.', '2017-10-10', 6, '', '2017-10-08 15:41:31', 30629, '2017-10-10 07:35:22', 30629, 2, 1),
(221, 13, '', '13:30:00', NULL, 'لقاء مع وفد من كبار مساعدي أعضاء مجلس الشيوخ الأمريكي.<br /><br /><br />\n', '2017-10-10', 0, 'قاعة عبدالحليم النمر الطابق الأول', '2017-10-08 15:43:20', 30629, '2017-10-10 07:30:54', 30629, 2, 1),
(222, 2, 'كتلة الوفاق النيابية', '10:00:00', NULL, 'لقاء مع دولة رئيس الوزراء د. هاني الملقي لبحث آخر المستجدات.<br />\r\n', '2017-10-10', 4, '', '2017-10-08 15:45:08', 30629, '0000-00-00 00:00:00', -1, 2, 1),
(223, 2, 'لجنة الأخوة البرلمانية الأردنية - المصرية', '11:00:00', NULL, 'لقاء مع سعادة سفير جمهورية مصر العربية.', '2017-10-17', 10, '', '2017-10-08 16:10:45', 30629, '2017-10-17 09:06:28', 30629, 2, 1),
(225, 42, '', '10:00:00', NULL, 'اجتماع  مع معالي وزير الداخلية لبحث اسباب الاحداث التي حصلت مؤخراً في لواء الرمثا وأمور تهم اللجنة.', '2017-10-11', 6, '', '2017-10-10 11:50:56', 30629, '2017-10-10 16:06:34', 30629, 2, 1),
(226, 31, '', '11:00:00', NULL, 'بحث موضوع تزايد حالات العبث الكهربائي واستجرار الطاقة بشكل غير قانوني.<br /><br />\n', '2017-10-11', 3, '', '2017-10-10 14:25:22', 30629, '2017-10-10 16:07:05', 30629, 2, 1),
(227, 2, 'ملتقى البرلمانيات', '11:00:00', NULL, 'لقاء مع وفد من المعهد الديمقراطي الوطني.', '2017-10-10', 4, '', '2017-10-10 14:30:05', 30629, '0000-00-00 00:00:00', -1, 2, 1),
(228, 2, '', '11:30:00', NULL, 'يلتقي سعادة النائب الأول لرئيس مجلس النواب السيد خميس عطية مع ملتقى الشباب العربي.', '2017-10-11', 8, '', '2017-10-10 15:47:28', 30629, '0000-00-00 00:00:00', -1, 2, 1),
(229, 2, '', '12:30:00', NULL, 'يعقد مجلس النواب بالتعاون مع برنامج الأمم المتحدة الانمائي (UNDP) فعالية برلمانية بعنوان \"دور مجلس النواب في تحقيق أهداف التنمية المستدامة\".', '2017-10-11', 0, 'قاعة عبد الحليم النمر الطابق الأول', '2017-10-10 16:09:00', 30629, '0000-00-00 00:00:00', -1, 2, 1),
(230, 2, 'ملتقى البرلمانيات', '11:00:00', NULL, 'لقاء مع وفد من المعهد الديمقراطي الوطني.', '2017-10-11', 4, '', '2017-10-11 09:31:32', 30629, '0000-00-00 00:00:00', -1, 2, 1),
(231, 14, '', '12:00:00', NULL, 'بحث موضوع الصيدلانية لما الحمود.', '2017-10-12', 4, '', '2017-10-11 11:20:45', 30629, '0000-00-00 00:00:00', -1, 2, 1),
(232, 2, 'لجنة الاخوة البرلمانية الاردنية - السودانية', '11:00:00', NULL, 'لقاء مع سعادة سفير جمهورية السودان', '2017-10-18', 0, 'قاعة عبد الحليم النمرالطابق الاول', '2017-10-16 10:51:50', 30566, '2017-10-17 09:02:15', 30629, 2, 1),
(233, 2, 'كتلة العدالة', '11:00:00', NULL, 'مناقشة امور تهم الكتلة', '2017-10-16', 4, '', '2017-10-16 10:53:41', 30566, '0000-00-00 00:00:00', -1, 2, 1),
(234, 47, '', '00:00:00', NULL, 'لقاء مع دولة رئيس الوزراء لبحث اخر المستجدات', '2017-10-17', 4, '', '2017-10-16 11:42:49', 30629, '2017-10-17 09:05:00', 30629, 2, 1),
(236, 43, '', '01:30:00', NULL, 'لقاء مع جمعية العون الطبي الفلسطيني', '2017-10-17', 6, '', '2017-10-17 09:00:33', 30629, '2017-10-17 13:06:19', 30629, 2, 1),
(238, 42, '', '12:00:00', NULL, 'زياة الى مديرية الامن العام للوقوف على آخر المستجدات التي تهم جهاز الامن العام.<br />\n* ملاحظة: الانطلاق من مجلس النواب الساعة 11:15صباحا.', '2017-10-22', 0, 'مديرية الامن العام', '2017-10-19 09:04:23', 30563, '2017-10-21 21:10:50', 30629, 2, 1),
(239, 2, 'جلسة', '14:30:00', NULL, 'زيارة إلى مقر مطرانية عمان للروم الارثوذكس في الصويفية للاطلاع على التطورات الراهنة المتعلقة بشؤون البطريركية المقدسية وما تعانيه من هجمات اعلامية مغرضة وانتهاكات اسرائيلية.', '2017-12-12', 0, 'مقر مطرانية عمان للروم الارثوذكس - الصويفية', '2017-10-21 20:42:39', 30629, '2017-12-12 10:52:12', 30566, 2, 1),
(240, 17, '', '10:00:00', NULL, 'لمناقشة موضوع البيئة الاستثمارية في المناطق التنموية الحرة.', '2017-10-24', 4, '', '2017-10-22 10:07:25', 30563, '2017-10-24 09:01:00', 30629, 2, 1),
(241, 2, '', '10:00:00', NULL, 'لقاء مع معالي وزير الخارجية وشؤون المغتربين لبحث اخر المستجدات السياسية.', '2017-12-10', 4, '', '2017-10-22 19:02:24', 30629, '2017-12-10 18:18:24', 30566, 2, 1),
(242, 2, 'كتلة التجديد النيابية', '12:00:00', NULL, 'لقاء مع دولة رئيس الوزراء لبحث اخر المستجدات.', '2017-10-24', 4, '', '2017-10-23 09:27:03', 30563, '2017-10-24 08:54:08', 30629, 2, 1),
(243, 43, '', '01:00:00', NULL, 'لقاء مع معالي وزير الصحة لبحث موضوع الاطباء من ابناء قطاع غزة .', '2017-10-24', 5, '', '2017-10-24 08:21:55', 30629, '2017-10-24 09:00:37', 30629, 2, 1),
(244, 2, '', '23:00:00', NULL, 'لقاء نائب رئيس اللجنة الادارية مع مجموعة من الشباب الاردني ضمن مشروع الحوارات الشبابية البرلمانية بهدف تعزيز ادماج الشباب الاردني في العمل البرلماني.', '2017-12-10', 4, '', '2017-10-25 10:23:53', 30629, '2017-12-10 18:18:48', 30566, 2, 1),
(245, 2, 'المكتب الدائم', '14:30:00', NULL, 'يجتمع المكتب الدائم لمجلس النواب.', '2017-12-12', 0, 'قاعة المكتب الدائم الطابق الثاني', '2017-10-25 13:51:56', 30629, '2017-12-12 10:53:50', 30566, 2, 1),
(248, 39, '', '11:00:00', NULL, 'اجتماع اللجنة التحضيرية لمؤتمر \"البطالة في الاردن.. اسبابها وكيفية الحد منها\".', '2017-01-01', 6, '', '2017-10-31 14:19:07', 30629, '2017-10-31 15:05:58', 30629, 2, 1),
(250, 16, '', '23:00:00', NULL, 'اجتماع اللجنة التحضيرية لمؤتمر \"البطالة في الاردن.. اسبابها وكيفية الحد منها\".', '2017-12-10', 6, '', '2017-10-31 15:07:30', 30629, '2017-12-10 18:18:52', 30566, 2, 1),
(251, 2, 'كتلة الوفاق النيابية', '11:00:00', NULL, 'للتباحث حول انتخابات المكتب الدائم واللجان النيابية', '2017-12-12', 4, '', '2017-10-31 15:10:39', 30629, '2017-12-12 10:51:41', 30566, 2, 1),
(252, 2, '***', '12:30:00', NULL, 'لقاء سعادة المهندس عاطف الطراونة رئيس مجلس النواب مع اصحاب المعالي والسعادة رؤساء الكتل النيابية.', '2017-11-01', 7, '', '2017-11-01 09:27:09', 30629, '2017-11-01 09:35:29', 30629, 2, 1),
(253, 2, '', '17:00:00', NULL, 'مشاركة اللجنة بالمهرجان الذي سيقام بمناسبة مرور مئة عام على وعد بلفور المشؤوم.', '2017-12-07', 0, 'قاعة اليرموك - مخيم أربد', '2017-11-01 16:16:45', 30629, '2017-12-07 21:47:07', 30566, 2, 1),
(254, 44, '', '15:00:00', NULL, 'لقاء مع رئيس اللجنة العربية الدائمة لحقوق الانسان في جامعة الدول العربية الدكتور أمجد شموط لمناقشة أمور تهم اللجنة. ', '2017-12-12', 3, '', '2017-11-05 12:36:29', 30629, '2017-12-12 10:55:39', 30566, 2, 1),
(255, 2, '', '11:00:00', NULL, 'زيارة الى مؤسسة الاذاعة والتلفزيون للاطلاع على آلية عمل المؤسسة.', '2017-11-06', 0, 'مؤسسة الاذاعة والتلفزيون.', '2017-11-05 15:33:29', 30629, '2017-11-06 13:04:53', 30566, 2, 0),
(261, 2, 'test', '22:15:00', NULL, 'test', '2017-11-06', 0, 'test', '2017-11-06 20:16:21', 30566, '2017-11-06 20:16:44', 30566, 2, 0),
(269, 16, '', '14:30:02', 'بعد الجلسة ', 'بعد الجلسة ', '2017-12-12', 0, '', '2017-12-12 12:36:03', 30566, '2017-12-12 12:57:06', 30566, 2, 1),
(270, 2, 'جلسة تشريعية', '14:30:00', '', 'مناقشة جدول أعمال الجلسة العاشرة.', '2017-12-24', 0, 'القبة', '2017-12-21 15:50:55', 30629, '0000-00-00 00:00:00', -1, 2, 1),
(271, 38, '', '11:00:00', '', 'مناقشة مشروعي قانوني الموازنة العامة وموازنات الوحدات الحكومية للسنة 2018<br />\r\n- مع رؤساء مجالس المحافظات في المملكة.<br />\r\n', '2017-12-24', 4, '', '2017-12-21 15:57:03', 30629, '0000-00-00 00:00:00', -1, 2, 1),
(272, 45, '', '10:00:00', '', 'للنظر في الشكوى المحالة للجنة والمقدمة من النائب عبدالله القرامسة بحق النائب محمد الرياطي.<br />\r\n', '2017-12-24', 6, '', '2017-12-21 15:59:03', 30629, '0000-00-00 00:00:00', -1, 2, 1),
(273, 12, '', '10:00:00', '', 'مناقشة مشروع قانون التعليم العالي والبحث العلمي لسنة 2017.', '2017-12-24', 5, '', '2017-12-21 16:14:34', 30629, '0000-00-00 00:00:00', -1, 2, 1),
(274, 14, '', '01:00:00', '', 'زيارة إلى هيئة النزاهة ومكافحة الفساد للاطلاع على آلية عمل الهيئة والاجراءات المتبعة لمكافحة الفساد والحفاظ على المال العام.<br />\r\n-  ملاحظة: الانطلاق من أمام المجلس الساعة 12:30 ظهراً.', '2017-12-24', 0, 'هيئة النزاهة ومكافحة الفساد', '2017-12-21 16:18:35', 30629, '0000-00-00 00:00:00', -1, 2, 1),
(275, 40, '', '13:00:00', '', 'مناقشة موضوع تأسيس الشركة الوطنية للحج والعمرة.', '2017-12-24', 7, '', '2017-12-21 16:24:37', 30629, '2017-12-24 12:43:43', 30629, 2, 1),
(276, 9, '', '12:30:00', '', ' لمناقشة ما يلي:<br />\n1. مطالب عمال شركة الكهرباء الوطنية.<br />\n2. موضوع فصل عدد من موظفي شركة الكهرباء المركزية وإعادة هيكلة الشركة وتحويلها لشركة صيانة وتشغيل.', '2017-12-26', 6, '', '2017-12-24 09:31:46', 30629, '2017-12-24 18:38:33', 30629, 2, 1),
(277, 2, 'كتلة مبادرة النيابية', '12:00:00', '', 'التباحث حول انتخاب رئيس للكتلة ونائب رئيس ومقرر للكتلة.', '2017-12-24', 9, '', '2017-12-24 09:43:38', 30629, '0000-00-00 00:00:00', -1, 2, 1),
(278, 15, '', '11:21:02', 'بعد الجلسة مباشرة', 'مناقشة مشروع قانون إدارة النفايات لسنة 2017.', '2017-12-26', 5, '', '2017-12-24 11:27:34', 30629, '2017-12-24 18:38:13', 30629, 2, 1),
(279, 17, '', '16:00:00', '', ' زيارة إلى جمعية رجال الأعمال.', '2017-12-26', 0, 'جمعية رجال الاعمال', '2017-12-24 16:13:56', 30629, '2017-12-26 10:34:56', 30629, 2, 1),
(280, 11, '', '13:00:00', '', 'مناقشة مشروع قانون النقل الدولي متعدد الوسائط لسنة ٢٠١١', '2017-12-26', 3, '', '2017-12-24 16:26:16', 30629, '2017-12-24 18:38:42', 30629, 2, 1),
(281, 39, '', '10:00:00', '', 'بحث موضوع نقل 42 موظف من دائرة ضريبة الدخل والمبيعات إلى الوزارات الاخرى.', '2017-12-26', 4, '', '2017-12-24 17:15:23', 30629, '2017-12-24 18:38:03', 30629, 2, 1),
(282, 43, '', '10:30:00', '', 'زيارة إلى السفارة التركية وذلك لشكرهم على موقفهم تجاه القدس.<br />\n- ملاحظة: الانطلاق من امام المجلس الساعة 10:00 صباحاً.', '2017-12-26', 0, 'السفارة التركية', '2017-12-24 17:48:24', 30629, '2017-12-25 23:54:11', 30629, 2, 1),
(283, 10, '', '14:00:00', '', 'مناقشة مشروع معدل لقانون التحكيم لسنة 2017', '2017-12-26', 7, '', '2017-12-24 18:39:48', 30629, '2017-12-26 12:36:07', 30629, 2, 1),
(284, 2, 'جلسة تشريعية', '10:30:00', '', 'مناقشة جدول أعمال الجلسة الحادية عشرة.', '2017-12-26', 0, 'القبة', '2017-12-24 18:40:39', 30629, '0000-00-00 00:00:00', -1, 2, 1),
(285, 15, '', '11:30:01', '', 'زيارة لدوائر الشراء الموحد والمستلزمات الطبية للاطلاع على آلية عملها.<br />\n* ملاحظة: الانطلاق من أمام المجلس الساعة 11:30 صباحاً.<br />\n', '2017-12-28', 0, 'دوائر الشراء الموحد والمستلزمات الطبية', '2017-12-26 10:33:46', 30629, '2017-12-28 09:08:36', 30629, 2, 1),
(286, 11, '', '12:00:00', '', 'مناقشة قانون النقل الدولي متعدد الوسائط.', '2017-12-27', 5, '', '2017-12-26 15:25:13', 30629, '2017-12-26 16:30:20', 30629, 2, 1),
(288, 2, 'كتلة الحداثة والتنمية النيابية', '12:00:00', '', 'التباحث حول مناقشة خطاب الموازنة.', '2017-12-27', 7, '', '2017-12-26 15:32:40', 30629, '2017-12-26 15:33:35', 30629, 2, 1),
(289, 15, '', '22:30:00', '', 'مناقشة بعض الأمور التي تتعلق بمركز الحسين للسرطان.', '2017-12-28', 5, '', '2017-12-26 15:47:03', 30629, '2017-12-28 09:06:42', 30629, 2, 1),
(290, 10, '', '13:00:00', '', 'استكمال مناقشة مشروع معدل لقانون التحكيم لسنة 2017.', '2017-12-27', 4, '', '2017-12-26 16:25:47', 30629, '0000-00-00 00:00:00', -1, 2, 1),
(291, 39, '', '10:00:00', '', 'بحث موضوع نقل 42 موظف من دائرة ضريبة الدخل والمبيعات إلى الوزارات الاخرى.', '2017-12-28', 4, '', '2017-12-27 16:12:42', 30629, '2017-12-28 09:05:57', 30629, 2, 1),
(292, 2, 'كتلة مبادرة النيابية', '12:00:00', '', 'زيارة الى منتدى الاستراتيجيات الاردني.<br />\r\n- ملاحظة: الانطلاق من أمام المجلس الساعة 11:30 ظهراً.', '2017-12-28', 0, 'منتدى الاستراتيجيات الاردني', '2017-12-27 16:14:47', 30629, '0000-00-00 00:00:00', -1, 2, 1),
(293, 2, 'جلسة تشريعية', '14:30:03', '******', 'البدء بمناقشة تقرير اللجنة المالية حول مشروعي قانوني الموازنة العامة وموازنات الوحدات الحكومية للسنة المالية 2018 وذلك في جلستين:<br />\n- الجلسة الاولى: الساعة 10:30 صباحاً.<br />\n- الجلسة الثانية: الساعة 2:30 عصراً.', '2017-12-31', 0, 'القبة', '2017-12-28 10:40:38', 30629, '2017-12-31 13:57:56', 30566, 2, 1),
(295, 12, '', '13:00:00', '', 'بحث موضوع الأسس التي تم عليها تصنيف الجامعات الأردنية الرسمية والخاصة.', '2017-12-31', 5, '', '2017-12-28 12:28:37', 30629, '0000-00-00 00:00:00', -1, 2, 1),
(296, 10, '', '13:00:00', '', 'استكمال مناقشة مشروع قانون معدل لقانون التحكيم لسنة 2017.', '2017-12-31', 4, '', '2017-12-28 14:18:58', 30629, '2017-12-31 11:51:01', 30629, 2, 1),
(297, 15, '', '13:00:00', '', 'مناقشة مشروع قانون إدارة النفايات لسنة 2017', '2018-01-02', 5, '', '2017-12-31 14:07:11', 30629, '2018-01-01 15:20:22', 30629, 2, 1),
(298, 19, '', '12:00:00', '', 'زيارة لجمعية وكلاء السياحه والسفر.<br />\r\nملاحظة:<br />\r\n- الانطلاق من المجلس الساعه 11:30 صباحا.', '2018-01-02', 0, 'جمعية وكلاء السياحه والسفر', '2018-01-01 15:18:13', 30629, '0000-00-00 00:00:00', -1, 2, 1),
(299, 10, '', '11:00:00', '', 'مناقشة مشروع قانون معدل لقانون التحكيم لسنة 2017.', '2018-01-02', 4, '', '2018-01-01 15:19:34', 30629, '0000-00-00 00:00:00', -1, 2, 1),
(300, 31, '', '12:00:00', '', 'استكمال مناقشة مشروع قانون المصادر الطبيعية لسنة 2015.<br />\r\n', '2018-01-02', 3, '', '2018-01-01 16:22:29', 30629, '0000-00-00 00:00:00', -1, 2, 1),
(301, 43, '', '13:00:00', '', 'بحث موضوع اطباء الاسنان من ابناء قطاع غزة.', '2018-01-02', 6, '', '2018-01-01 16:24:02', 30629, '0000-00-00 00:00:00', -1, 2, 1),
(302, 11, '', '12:00:00', '', 'مناقشة قانون النقل الدولي متعدد الوسائط.', '2018-01-03', 5, '', '2018-01-02 09:57:33', 30629, '2018-01-02 14:55:34', 30629, 2, 1),
(303, 15, '', '12:00:00', '', 'زيارة إلى المؤسسة العامة للغذاء والدواء للاطلاع على آلية عملها.<br />\r\n- ملاحظة: الانطلاق من المجلس الساعة 11:30 صباحاً.', '2018-01-04', 0, 'المؤسسة العامة للغذاء والدواء', '2018-01-02 12:17:23', 30629, '0000-00-00 00:00:00', -1, 2, 1),
(304, 46, '', '11:00:00', '', 'زيارة إلى وزارة التنمية الاجتماعية.', '2018-01-04', 0, 'وزارة التنمية الاجتماعية', '2018-01-02 12:18:45', 30629, '0000-00-00 00:00:00', -1, 2, 1),
(305, 10, '', '12:00:00', '', 'اقرار مشروع قانون معدل لقانون التحكيم لسنة 2017 بالصيغة النهائية.<br />\r\n', '2018-01-03', 4, '', '2018-01-02 14:58:56', 30629, '0000-00-00 00:00:00', -1, 2, 1),
(306, 43, '', '13:00:00', '', '*******', '2018-01-03', 3, '', '2018-01-03 07:19:08', 30629, '0000-00-00 00:00:00', -1, 2, 1),
(311, 2, 'جلسة تشريعية', '14:30:00', '', 'مناقشة جدول أعمال الجلسة الثانية عشرة.', '2018-01-07', 0, 'الـقـبـة', '2018-01-03 18:37:58', 30629, '2018-01-04 11:06:28', 30629, 2, 1),
(312, 17, '', '13:00:00', '', 'مناقشة القانون المؤقت رقم (70) لسنة 2003 قانون غرف التجارة.', '2018-01-07', 4, '', '2018-01-04 10:01:46', 30629, '2018-01-04 11:05:36', 30629, 2, 1),
(313, 9, '', '11:00:00', '', 'مناقشة مطالب عمال شركة الكهرباء الوطنية.', '2018-01-07', 4, '', '2018-01-04 10:04:12', 30629, '2018-01-04 11:05:52', 30629, 2, 1),
(314, 31, '', '11:00:00', '', 'مناقشة مشروع قانون المصادر الطبيعية لسنة 2015.', '2018-01-07', 3, '', '2018-01-04 11:48:58', 30629, '2018-01-04 11:49:29', 30629, 2, 1),
(315, 43, '', '13:30:00', '', 'لغايات ترتيب اعمال اللجنة.', '2018-01-07', 9, '', '2018-01-04 13:24:59', 30629, '2018-01-07 13:07:47', 30629, 2, 1),
(316, 16, '', '13:00:00', '', 'زيارة إلى نادي مدينة الحسين للشباب للاطلاع على آلية عمل النادي.', '2018-01-07', 0, 'نادي مدينة الحسين للشباب', '2018-01-04 13:28:22', 30629, '0000-00-00 00:00:00', -1, 2, 1),
(318, 2, '(اللجنة القانونية ولجنة التربية والتعليم )', '11:00:00', '', 'مناقشة مشروع قانون معدل لقانون نقابة المعلمين الاردنيين لسنة 2017.', '2018-01-08', 4, '', '2018-01-04 15:08:23', 30629, '2018-01-08 10:29:42', 30629, 2, 1),
(319, 12, '', '13:00:00', '', 'مناقشة مشروع قانون التعليم العالي والبحث العلمي لسنة 2017.<br /><br />\n', '2018-01-09', 4, '', '2018-01-07 11:38:36', 30629, '2018-01-08 14:58:45', 30629, 2, 1),
(320, 11, '', '13:00:00', '', 'مناقشة قانون النقل الدولي متعدد الوسائط.', '2018-01-09', 3, '', '2018-01-07 11:42:34', 30629, '2018-01-08 14:58:36', 30629, 2, 1),
(321, 15, '', '13:00:00', '', 'مناقشة مشروع قانون ادارة النفايات لسنة 2017.', '2018-01-09', 5, '', '2018-01-07 11:44:50', 30629, '2018-01-08 14:58:58', 30629, 2, 1),
(322, 16, '', '13:00:00', '', 'مناقشة قانون معدل لقانون المجلس الأعلى للشباب.', '2018-01-09', 6, '', '2018-01-07 13:03:20', 30629, '2018-01-08 14:59:19', 30629, 2, 1),
(324, 9, '', '10:30:00', '', 'مناقشة مطالب عمال شركة الكهرباء الوطنية.', '2018-01-08', 5, '', '2018-01-07 13:26:06', 30629, '2018-01-07 16:50:33', 30629, 2, 1),
(325, 17, '', '12:00:00', '', 'زيارة للبنك المركزي للاستماع الى ايجاز عن السياسة النقدية للبنك المركزي والمؤشرات الاقتصادية وسعر الفائدة.', '2018-01-10', 0, 'البنك المركزي', '2018-01-07 16:17:17', 30629, '0000-00-00 00:00:00', -1, 2, 1),
(326, 15, '', '12:00:00', '', 'زيارة الى مؤسسة المواصفات والمقاييس للاطلاع على آلية عملها.<br />\r\n- ملاحظة: الانطلاق من امام المجلس الساعة 11:30 صباحاً.', '2018-01-10', 0, 'مؤسسة المواصفات والمقاييس', '2018-01-07 16:32:46', 30629, '0000-00-00 00:00:00', -1, 2, 1),
(328, 2, 'جلسة تشريعية', '10:30:00', '', 'استكمال مناقشة جدول أعمال الجلسة الثانية عشرة والمتضمن قرار اللجنة القانونية حول مشروع قانون معدل لقانون التحكيم لسنة 2017  اعتباراً من المادة (6).', '2018-01-09', 0, 'القبة', '2018-01-07 16:45:35', 30629, '0000-00-00 00:00:00', -1, 2, 1),
(329, 14, '', '01:30:00', '', 'زيارة إلى ديوان المحاسبة للاطلاع على آلية عمل الديوان والمهام التي تقوم بها.<br />\r\n- ملاحظة: الانطلاق من أمام المجلس الساعة 1:00 بعد الظهر.', '2018-01-08', 0, 'ديوان المحاسبة', '2018-01-08 11:20:33', 30629, '0000-00-00 00:00:00', -1, 2, 1),
(330, 13, '', '12:00:00', '', 'لقاء بسعادة السفير البريطاني المعتمد لدى المملكة.', '2018-01-10', 10, '', '2018-01-08 11:25:18', 30629, '2018-01-10 12:37:52', 30629, 2, 1),
(332, 19, '', '13:30:00', '', 'زيارة إلى الى هيئة تنشيط السياحة للاطلاع على واقع الخدمات التي تقدمها الهيئة.<br />\r\n- ملاحظة: الانطلاق من أمام المجلس الساعة 1:00 بعد الظهر.<br />\r\n', '2018-01-09', 0, 'هيئة تنشيط السياحة', '2018-01-08 11:46:15', 30629, '0000-00-00 00:00:00', -1, 2, 1),
(333, 31, '', '14:44:02', 'بعد الجلسة مباشرة', 'استكمال مناقشة مشروع قانون المصادر الطبيعية لسنة 2015', '2018-01-09', 10, '', '2018-01-08 14:45:23', 30629, '2018-01-09 08:48:33', 30629, 2, 1),
(334, 44, '', '12:00:00', '', 'مناقشة موضوع تنمية الارياف والبوادي يحضور الوزراء المعنيين.', '2018-01-10', 3, '', '2018-01-08 14:46:51', 30629, '2018-01-10 12:36:54', 30629, 2, 1),
(335, 14, '', '13:30:00', '', 'زيارة إلى ديوان المحاسبة للاطلاع على آلية عمل الديوان والمهام التي تقوم بها.<br />\r\n-	ملاحظة: الانطلاق من أمام المجلس الساعة 1:00 بعد الظهر.<br />\r\n', '2018-01-09', 0, 'ديوان المحاسبة', '2018-01-09 08:47:52', 30629, '0000-00-00 00:00:00', -1, 2, 1),
(336, 11, '', '12:00:00', '', 'مناقشة قانون النقل الدولي متعدد الوسائط.', '2018-01-10', 5, '', '2018-01-09 10:51:58', 30629, '2018-01-10 12:37:36', 30629, 2, 1),
(337, 2, ' اللجنة المشتركة (القانونية والتربية والتعليم والثقافة)', '10:00:00', '', 'مناقشة مشروع قانون معدل لقانون نقابة المعلمين الاردنيين لسنة 2017.<br /><br />\n', '2018-01-10', 8, '', '2018-01-09 10:56:51', 30629, '2018-01-10 12:36:17', 30629, 2, 1),
(338, 2, 'المكتب الدائم', '12:00:00', '', 'يجتمع المكتب الدائم لمجلس النواب.', '2018-01-10', 7, '', '2018-01-09 13:10:28', 30629, '0000-00-00 00:00:00', -1, 2, 1),
(339, 43, '', '13:30:00', '', 'لقاء مع رئيس الهيئة العالمية لدعم أبناء غزة .', '2018-01-10', 4, '', '2018-01-10 12:35:08', 30629, '0000-00-00 00:00:00', -1, 2, 1),
(340, 43, '', '09:30:00', '', 'لقاء مع معالي الدكتور عزت جرادات أمين عام المؤتمر الاسلامي لبيت المقدس.', '2018-01-11', 9, '', '2018-01-10 15:31:52', 30629, '2018-01-10 15:34:11', 30629, 2, 1),
(342, 2, 'كتلة العدالة', '14:00:00', '', 'انتخاب (رئيس الكتلة، نائب رئيس، مقرر، ناطق اعلامي) للكتلة .', '2018-01-14', 9, '', '2018-01-11 12:32:53', 30629, '0000-00-00 00:00:00', -1, 2, 1),
(343, 31, '', '11:00:00', '', 'استكمال مناقشة مشروع قانون المصادر الطبيعية لسنة 2015.<br />\r\n', '2018-01-14', 3, '', '2018-01-11 13:57:59', 30629, '0000-00-00 00:00:00', -1, 2, 1),
(344, 17, '', '13:00:00', '', 'مناقشة المعيقات التي تواجه القطاع الصناعي وبحث انشاء اتحاد غرف تجارة وصناعة.<br />\r\n', '2018-01-14', 10, '', '2018-01-11 14:00:13', 30629, '0000-00-00 00:00:00', -1, 2, 1),
(345, 10, '', '12:00:00', '', 'مناقشة القانون المؤقت رقم (36) لسنة 2010 قانون الأحوال الشخصية.', '2018-01-14', 4, '', '2018-01-11 14:03:54', 30629, '0000-00-00 00:00:00', -1, 2, 1),
(347, 16, '', '13:30:00', '', 'استكمال مناقشة مشروع قانون معدل لقانون المجلس الأعلى للشباب لسنة 2017.<br />\r\n', '2018-01-14', 5, '', '2018-01-11 14:09:42', 30629, '0000-00-00 00:00:00', -1, 2, 1),
(348, 42, '', '13:30:00', '', 'مناقشة موضوع التوقيف الإداري والإقامة الجبرية.<br />\r\n', '2018-01-14', 3, '', '2018-01-11 14:11:41', 30629, '0000-00-00 00:00:00', -1, 2, 1),
(349, 46, '', '12:30:00', '', 'لقاء مع سفير الاتحاد الأوروبي.<br />\r\n', '2018-01-14', 5, '', '2018-01-11 14:13:49', 30629, '0000-00-00 00:00:00', -1, 2, 1),
(351, 2, 'لجنة الأخوة البرلمانية الأردنية - التونسية', '10:30:00', '', 'سيلتقي رئيس وأعضاء لجنة الأخوة البرلمانية الأردنية - التونسية مع سعادة سفير الجمهورية التونسية.', '2018-01-15', 10, '', '2018-01-11 15:07:09', 30629, '2018-01-14 17:32:37', 30629, 2, 1),
(352, 2, 'جلسة تشريعية', '14:30:00', '', 'مناقشة جدول أعمال الجلسة الثالثة عشرة.', '2018-01-14', 0, 'القبة', '2018-01-14 08:51:46', 30629, '0000-00-00 00:00:00', -1, 2, 1),
(353, 2, 'لجنة التوجيه الوطني والاعلام ولجنة السياحة والاثار', '12:00:00', '', 'مناقشة موضوع الشركة الوطنية للحج والعمرة.<br />\r\n', '2018-01-14', 6, '', '2018-01-14 11:52:08', 30629, '0000-00-00 00:00:00', -1, 2, 1),
(354, 2, 'جلسة', '10:30:00', '', 'استكمال مناقشة جدول أعمال الجلسة الثالثة عشرة والمتضمن قرار لجنة التربية والتعليم والثقافة رقم (3) تاريخ 10/1/2018 والمتضمن مشروع قانون التعليم العالي والبحث العلمي لسنة 2017 اعتباراً من المادة (5).', '2018-01-16', 0, 'القبة', '2018-01-14 16:42:42', 30629, '2018-01-16 08:19:15', 30629, 2, 1),
(355, 2, 'كتلة المبادرة النيابية', '02:30:00', '', 'زيارة إلى وزارة النقلل والالتقاء مع معالي وزير النقل.<br />\r\n- ملاحظة: الانطلاق من أمام المجلس الساعة 2:00 بعد الظهر.', '2018-01-16', 0, 'وزارة النقل', '2018-01-14 16:47:27', 30629, '0000-00-00 00:00:00', -1, 2, 1),
(356, 14, '', '13:00:00', '', 'بحث موضوع الإجراءات المتخذة لمكافحة التهرب الضريبي واليات تفعيل وحدات الرقابة الداخلية في وزارة المالية والدوائر التابعة لها.', '2018-01-16', 5, '', '2018-01-14 16:59:18', 30629, '2018-01-15 14:56:41', 30629, 2, 1),
(358, 10, '', '13:30:00', '', 'استكمال مناقشة القانون المؤقت رقم (36) لسنة 2010 قانون الأحوال الشخصية.', '2018-01-16', 4, '', '2018-01-14 17:01:43', 30629, '2018-01-15 14:57:56', 30629, 2, 1),
(359, 15, '', '12:00:00', '', 'زيارة الى مستشفى الملك المؤسس عبد الله الجامعي للاطلاع على واقع الخدمات المقدمة للمراجعين.<br />\r\n- ملاحظة: الانطلاق الساعة 10:30 صباحا من امام مجلس النواب', '2018-01-18', 0, 'مستشفى الملك المؤسس عبد الله الجامعي', '2018-01-14 17:03:37', 30629, '0000-00-00 00:00:00', -1, 2, 1),
(360, 12, '', '13:00:00', '', 'مناقشة مشروع قانون الجامعات الأردنية لسنة 2017.<br />\n', '2018-01-16', 6, '', '2018-01-14 17:04:49', 30629, '2018-01-15 14:56:08', 30629, 2, 1),
(361, 12, '', '10:30:00', '', 'مناقشة مشروع قانون الجامعات الأردنية لسنة 2017.', '2018-01-15', 4, '', '2018-01-14 17:27:05', 30629, '2018-01-14 17:33:13', 30629, 2, 1),
(362, 2, 'لجنة الأخوة البرلمانية الأردنية - المغربية', '10:00:00', '', 'التباحث في أمور تخص اللجنة.', '2018-01-16', 3, '', '2018-01-15 09:19:46', 30629, '0000-00-00 00:00:00', -1, 2, 1),
(363, 2, 'ملتقى البرلمانيات', '10:57:01', '11:00 - 1:00', 'يعقد ملتقى البرلمانيات الاردنيات بالتعاون مع جمعية النساء العربيات في الاردن لقاء حول \"التمكين الاقتصادي ودوره في تنمية المجتمعات المحلية ودعم الاسر التي ترأسها النساء\" وبحضور السفيرة الهولندية.', '2018-01-15', 0, '', '2018-01-15 10:58:56', 30629, '0000-00-00 00:00:00', -1, 2, 1),
(364, 17, '', '12:30:00', '', 'ستقوم اللجنة بزيارة إلى هيئة الاستثمار للاطلاع على واقع عمل الهيئة.<br />\r\n- ملاحظة: الانطلاق من امام المجلس الساعة 12:30 ظهراً.', '2018-01-17', 0, 'هيئة الاستثمار', '2018-01-15 13:42:44', 30629, '0000-00-00 00:00:00', -1, 2, 1),
(365, 16, '', '13:00:00', '', 'الالتقاء مع فريق شباب قادة عمان.', '2018-01-16', 9, '', '2018-01-15 14:01:07', 30629, '2018-01-15 14:57:15', 30629, 2, 1),
(366, 19, '', '13:30:00', '', 'ستقوم اللجنة بزيارة إلى دائرة الاثار العامة للاطلاع على واقع عمل الدائرة.<br />\r\n- ملاحظة: الانطلاق من امام مجلس النواب الساعة 1:00 بعد الظهر.<br />\r\n', '2018-01-16', 0, 'دائرة الاثار العامة', '2018-01-15 14:09:35', 30629, '0000-00-00 00:00:00', -1, 2, 1),
(367, 11, '', '12:00:00', '', 'مناقشة قانون النقل الدولي متعدد الوسائط.<br /><br />\n', '2018-01-17', 5, '', '2018-01-15 14:23:17', 30629, '2018-01-16 17:35:50', 30629, 2, 1),
(368, 45, '', '11:00:00', '', 'النظر في الشكوى المحالة للجنة والمقدمة من النائب عبدالله القرامسة بحق النائب محمد الرياطي.', '2018-01-17', 3, '', '2018-01-15 14:26:48', 30629, '2018-01-16 17:35:36', 30629, 2, 1),
(369, 15, '', '13:00:00', '', 'استكمال مناقشة مشروع قانون ادارة النفايات لسنة 2017.', '2018-01-16', 3, '', '2018-01-16 08:18:14', 30629, '0000-00-00 00:00:00', -1, 2, 1),
(370, 13, '', '12:00:00', '', 'لقاء مع سعادة السفيرة العراقية.', '2018-01-17', 9, '', '2018-01-16 17:36:46', 30629, '2018-01-17 11:25:38', 30629, 2, 1),
(371, 19, '', '12:00:00', '', 'زيارة إلى جامعة اليرموك – كلية السياحة.<br />\r\n- ملاحظة: الانطلاق من أمام المجلس الساعة 10:00 صباحاً.<br />\r\n', '2018-01-17', 0, 'جامعة اليرموك', '2018-01-16 17:50:05', 30629, '0000-00-00 00:00:00', -1, 2, 1),
(372, 2, 'ملتقى البرلمانيات الاردنيات', '09:43:05', '1:00 - 11:00', 'يعقد ملتقى البرلمانيات الاردنيات بالتعاون مع جمعية النساء العربيات في الاردن لقاء حول \"التمكين الاقتصادي ودوره في تنمية المجتمعات المحلية ودعم الاسر التي ترأسها النساء\" وبحضور السفيرة الهولندية.', '2018-01-17', 4, '', '2018-01-17 09:45:31', 30629, '2018-01-17 09:49:28', 30629, 2, 1),
(373, 12, '', '13:00:00', '', 'مناقشة مشروع قانون الجامعات الأردنية لسنة 2017.<br /><br />\n', '2018-01-21', 5, '', '2018-01-18 08:58:09', 30629, '2018-01-18 14:31:50', 30629, 2, 1),
(375, 39, '', '11:30:00', '', 'زيارة إلى وزارة تطوير القطاع العام للاطلاع على الاجراءات الحكومية لتطوير القطاع العام والنهوض به.<br /><br />\n- ملاحظة: التجمع والانطلاق من أمام المجلس الساعة 10:30 صباحاً.', '2018-01-21', 0, 'وزارة تطوير القطاع العام', '2018-01-18 09:42:30', 30629, '2018-01-21 08:42:28', 30629, 2, 1),
(376, 16, '', '13:30:00', '', 'مناقشة المادة (13) من مشروع قانون معدل لقانون المجلس الأعلى للشباب لسنة 2017.', '2018-01-21', 6, '', '2018-01-18 10:05:02', 30629, '2018-01-21 08:41:55', 30629, 2, 1),
(377, 31, '', '11:00:00', '', 'مناقشة مشروع قانون التصديق على معاهدة ميثاق الطاقة لسنة 2016.', '2018-01-21', 3, '', '2018-01-18 10:56:05', 30629, '2018-01-18 14:31:14', 30629, 2, 1),
(378, 43, '', '13:00:00', '', 'تلتقي اللجنة  مع سفراء دول الأعضاء في مجلس الأمن الدولي في المملكة لشكرهم على مواقفهم ضد قرار نقل السفارة الامريكية إلى القدس.', '2018-01-21', 10, '', '2018-01-18 11:02:21', 30629, '2018-01-18 14:32:26', 30629, 2, 1),
(379, 41, '', '12:00:00', '', 'مناقشة مواضيع تتعلق بالقطاع الزراعي.', '2018-01-21', 4, '', '2018-01-18 11:22:37', 30629, '2018-01-18 14:32:13', 30629, 2, 1),
(380, 15, '', '13:00:00', '', 'مناقشة مشروع قانون المسؤولية الطبية الصحية لسنة 2016.<br />\n', '2018-01-22', 3, '', '2018-01-18 11:32:27', 30629, '2018-01-21 17:59:46', 30629, 2, 1),
(381, 2, 'جلسة', '14:30:00', '', 'لمناقشة ما يلي:<br />\r\n١- استكمال مناقشة قرار لجنة التربية والتعليم والثقافة رقم (3) تاريخ 10/1/2018 والمتضمن مشروع قانون التعليم العالي والبحث العلمي لسنة 2017 اعتباراً من المادة (٩).<br />\r\n٢- مناقشة جدول اعمال الجلسة (١٤) المتضمن الردود على الأسئلة.<br />\r\n', '2018-01-21', 0, 'القبة', '2018-01-18 14:34:03', 30629, '0000-00-00 00:00:00', -1, 2, 1),
(382, 17, '', '13:00:00', '', 'مناقشة القانون المؤقت رقم (70) لسنة 2003 قانون غرف التجارة.', '2018-01-22', 4, '', '2018-01-18 15:13:09', 30629, '2018-01-21 18:00:03', 30629, 2, 1),
(383, 16, '', '12:00:00', '', 'تلتقي اللجنة مع رؤساء الاندية الرياضية في المخيمات وذلك في نادي اليرموك /مخيم البقعه وذلك لمناقشة تداعيات تقليص خدمات وكالة الغوث وانعكاس ذلك على الاندية في المخيمات<br />\r\n', '2018-01-21', 0, 'نادي اليرموك - مخيم البقعه', '2018-01-20 21:19:54', 30629, '0000-00-00 00:00:00', -1, 2, 1),
(384, 16, '', '10:00:00', '', 'تلتقي اللجنة في مخيم سوف مع مدير وكالة الغوث الدولية وذلك لمناقشة تداعيات تقليص خدمات وكالة الغوث وانعكاس ذلك على الاندية في المخيمات.<br />\r\n', '2018-01-21', 0, 'مخيم سوف - جرش', '2018-01-20 21:21:36', 30629, '0000-00-00 00:00:00', -1, 2, 1),
(385, 14, '', '13:00:00', '', 'بحث أمور تهم قطاع التأمين.<br /><br /><br />\n', '2018-01-23', 4, '', '2018-01-21 10:14:47', 30629, '2018-01-23 12:31:51', 30629, 2, 1),
(386, 44, '', '13:30:00', '', 'بحث واقع الخدمات الصحية في مناطق الريف والبادية .', '2018-01-21', 3, '', '2018-01-21 10:36:37', 30629, '0000-00-00 00:00:00', -1, 2, 1),
(387, 2, 'كتلة النهضة', '11:00:00', '', 'الاطلاع على ما تقدمه من خدمات والخطط المستقبلية لها في اطار التعاون والتشاركية ما بين مجلس النواب ومؤسسات الدولة.<br />\r\n- ملاحظة: الانطلاق من أمام المجلس الساعة 10:15 صباحاً.', '2018-01-22', 0, 'المدينة الطبية الملكية', '2018-01-21 11:59:15', 30629, '0000-00-00 00:00:00', -1, 2, 1),
(388, 15, '', '12:00:00', '', 'زيارة إلى مستشفى البشير للاطلاع على واقع الخدمات المقدمة للمراجعين.<br />\r\n- ملاحظة: الانطلاق من أمام المجلس الساعة 11:15 صباحاً.', '2018-01-25', 0, 'مستشفى البشير', '2018-01-21 12:44:17', 30629, '0000-00-00 00:00:00', -1, 2, 1),
(389, 15, '', '13:00:00', '', 'استكمال مناقشة مشروع قانون إدارة النفايات لسنة 2017.<br />\n', '2018-01-24', 3, '', '2018-01-21 12:48:05', 30629, '2018-01-22 13:08:53', 30629, 2, 1),
(390, 46, '', '12:00:00', '', 'زيارة الى المجلس الوطني لشؤون الاسرة للاطلاع على اَلية عمل المجلس وبحث بعض الأمور التي تهم المرأة.<br />\n- ملاحظة: الانطلاق من مجلس النواب الساعة 11:15 صباحاً .', '2018-01-22', 0, 'المجلس الوطني لشؤون الاسرة', '2018-01-21 13:00:13', 30629, '2018-01-22 08:33:16', 30629, 2, 1),
(391, 2, 'كتلة مبادر النيابية', '13:34:03', 'بعد الجلسة مباشرة', 'تحديد أولويات العمل في المرحلة المقبلة.<br /><br /><br />\n', '2018-01-23', 6, '', '2018-01-21 13:35:22', 30629, '2018-01-23 09:56:35', 30563, 2, 1),
(392, 43, '', '14:00:00', '', 'تجتمع مع رئيس وأعضاء نادي البقعة.', '2018-01-22', 5, '', '2018-01-21 16:30:56', 30629, '2018-01-21 18:00:37', 30629, 2, 1),
(393, 2, 'جلسة', '10:30:00', '', 'مناقشة جدول أعمال الجلسة الخامسة عشر والمتضمن:<br /><br />\nأ- قرار لجنة التربية والتعليم والثقافة رقم (4) تاريخ 21/1/2018 والمتضمن مشروع قانون الجامعات الأردنية لسنة 2017.<br />\nب‌- قرار لجنة الطاقة والثروة المعدنية رقم (5) تاريخ 14/1/2018 والمتضمن مشروع قانون المصادر الطبيعية لسنة 2015.', '2018-01-23', 0, 'القبة', '2018-01-21 20:08:19', 30629, '2018-01-21 20:08:58', 30629, 2, 1),
(394, 13, '', '22:46:02', 'بعد الجلسة مباشرة', 'لقاء بعطوفة مدير عام المركز الوطني لأعداد القادة للحديث عن الأوضاع في الأردن ودول الجوار والتوقعات المستقبلية للأعوام القادمة.', '2018-01-23', 4, '', '2018-01-21 22:47:31', 30629, '2018-01-22 09:02:35', 30629, 2, 1),
(395, 16, '', '13:00:00', '', 'مناقشة مشروع قانون معدل لقانون المجلس الأعلى للشباب لسنة 2017.<br />\r\n', '2018-01-23', 0, '', '2018-01-22 13:13:30', 30629, '0000-00-00 00:00:00', -1, 2, 1),
(396, 16, '', '10:00:00', '', 'مشاركة اللجنة في مؤتمر دور الشباب في النهوض بالحوار الاجتماعي.<br />\r\nملاحظة: الافتتاح الساعة 10:00 صباحاً في فندق روتانا.', '2018-01-24', 0, 'فندق روتانا', '2018-01-22 13:18:39', 30629, '0000-00-00 00:00:00', -1, 2, 1),
(398, 9, '', '13:00:00', '', 'مناقشة القانون المؤقت رقم (26) لسنة 2010 قانون معدل لقانون العمل.<br />\n', '2018-01-24', 4, '', '2018-01-22 15:53:23', 30629, '2018-01-23 15:03:59', 30629, 2, 1),
(399, 39, '', '11:00:00', '', 'مع عدد من المتضررين من التعديلات الأخيرة على اتفاقية التأمين الصحي ما بين الملكية الأردنية والخدمات الطبية.', '2018-01-24', 4, '', '2018-01-22 15:57:20', 30629, '2018-01-24 10:26:26', 30629, 2, 1),
(402, 43, '', '09:30:00', '', 'ستقوم اللجنة بزيارة إلى أمانة عمان وستلتقي مع معالي أمين عمان.<br />\r\n- ملاحظة: الانطلاق من أمام المجلس الساعة 9:00 صباحاً.', '2018-01-25', 0, 'امانة عمان', '2018-01-23 14:38:49', 30629, '0000-00-00 00:00:00', -1, 2, 1),
(404, 16, '', '14:00:00', '', 'تكريم الوفود العربية المشاركة في مؤتمر دور الشباب في النهوض بالحوار الاجتماعي.', '2018-01-25', 10, '', '2018-01-24 12:07:07', 30629, '2018-01-25 13:18:47', 30629, 2, 1),
(405, 2, 'جلسة', '10:30:00', '', 'مناقشة جدول أعمال الجلسة (16).', '2018-01-28', 0, 'القبة', '2018-01-24 17:07:15', 30629, '0000-00-00 00:00:00', -1, 2, 1),
(406, 17, '', '14:18:02', 'بعد الجلسة مباشرة', '- لقاء بوفد من مجلس الجالية الاردنية في دولة الكويت.<br />\n- مناقشة موضوع كلف الطاقة على المستشفيات.', '2018-01-30', 10, '', '2018-01-25 15:19:34', 30629, '2018-01-29 15:10:21', 30629, 2, 1),
(407, 45, '', '15:20:02', 'بعد الجلسة مباشرة', 'النظر في الشكوى المحالة للجنة والمقدمة من النائب يحيى السعود بحق النائب محمد الرياطي.<br /><br />\n', '2018-01-28', 5, '', '2018-01-25 15:21:08', 30629, '2018-01-25 15:29:53', 30629, 2, 1),
(408, 11, '', '15:21:02', 'بعد الجلسة مباشرة', 'مناقشة مشروع قانون النقل الدولي متعدد الوسائط لسنة 2011.<br /><br />\n', '2018-01-28', 4, '', '2018-01-25 15:22:03', 30629, '2018-01-25 15:30:05', 30629, 2, 1),
(410, 42, '', '15:16:02', 'بعد الجلسة مباشرة', 'مناقشة موضوع التوقيف الإداري والإقامة الجبرية.', '2018-01-30', 6, '', '2018-01-28 15:17:12', 30629, '2018-01-29 15:09:00', 30629, 2, 1),
(411, 2, 'اللجنة المشتركة (اللجنة القانونية ولجنة التربية والتعليم والثقافة)', '10:00:00', '', 'مناقشة مشروع القانون المعدل لقانون نقابة المعلمين الأردنيين لسنة ٢٠١٧.', '2018-01-29', 4, '', '2018-01-28 15:18:52', 30629, '2018-01-29 08:21:17', 30629, 2, 1),
(412, 31, '', '12:00:00', '', 'زيارة الى منتدى الاستراتيجيات الاردني .<br />\r\n- ملاحظة : الانطلاق من امام مجلس النواب الساعة 11:30 صباحا .', '2018-01-29', 0, 'منتدى الاستراتيجيات الأردني ', '2018-01-28 15:21:01', 30629, '0000-00-00 00:00:00', -1, 2, 1),
(413, 39, '', '15:21:02', 'بعد الجلسة مباشرة', 'مناقشة القانون المؤقت رقم (81) قانون توظيف موارد تكنولوجيا المعلومات في المؤسسات الحكومة لسنة 2003 .', '2018-01-30', 5, '', '2018-01-28 15:22:51', 30629, '2018-01-29 15:08:48', 30629, 2, 1),
(414, 9, '', '10:30:00', '', 'مناقشة موضوع موظفي الشركة الأردنية السورية للنقل البري.', '2018-01-29', 3, '', '2018-01-29 06:59:43', 30629, '0000-00-00 00:00:00', -1, 2, 1),
(416, 9, '', '15:11:01', 'بعد الجلسة مباشرة', 'مناقشة القانون المؤقت رقم (26) لسنة 2010 قانون معدل لقانون العمل.', '2018-01-30', 3, '', '2018-01-29 15:12:10', 30629, '0000-00-00 00:00:00', -1, 2, 1),
(418, 15, '', '15:13:01', 'بعد الجلسة مباشرة', 'استكمال مناقشة مشروع قانون ادارة النفايات لسنة 2017.', '2018-01-30', 7, '', '2018-01-29 15:13:47', 30629, '0000-00-00 00:00:00', -1, 2, 1),
(419, 11, '', '14:00:00', '', 'مناقشة مشروع قانون النقل الدولي متعدد الوسائط لسنة 2011.', '2018-01-30', 4, '', '2018-01-29 15:14:50', 30629, '2018-01-30 11:18:56', 30629, 2, 1),
(421, 2, 'جلسة', '10:30:00', '', 'استكمال مناقشة جدول اعمال الجلسة الخامسة عشر.', '2018-01-30', 0, 'القبة', '2018-01-30 08:37:37', 30629, '0000-00-00 00:00:00', -1, 2, 1),
(422, 43, '', '13:00:00', '', ' بحث موضوع الجوازات الممنوحة لأبناء قطاع غزة وسحب الأرقام الوطنية.', '2018-01-31', 4, '', '2018-01-30 16:48:29', 30629, '0000-00-00 00:00:00', -1, 2, 1),
(425, 2, 'ملتقى البرلمانيات', '13:30:00', '', 'يعقد الملتقى البرلمانيات الاردنيات لقاء مع مؤسسة التعلم العالمية الأمريكية حول دور مجلس النواب في السياسات الخارجية ودور التمكين الاقتصادي للمرأة.', '2018-02-01', 4, '', '2018-01-31 15:33:11', 30629, '0000-00-00 00:00:00', -1, 2, 1),
(426, 15, '', '12:00:00', '', 'زيارة الى مستشفى الجامعة الاردنية للاطلاع على واقع الخدمات المقدمة للمراجعين .<br />\r\n- ملاحظة : الانطلاق من امام المجلس الساعة 11:30 صباحا .<br />\r\n', '2018-02-01', 0, 'مستشفى الجامعة الاردنية', '2018-01-31 15:44:09', 30629, '0000-00-00 00:00:00', -1, 2, 1),
(427, 15, '', '13:00:00', '', ' مع جمعية المستشفيات الخاصة لمناقشة مشروع قانون المسؤولية الطبية الصحية لسنة 2016.<br />\n', '2018-02-06', 4, '', '2018-02-01 09:38:47', 30629, '2018-02-05 15:23:41', 30629, 2, 1),
(428, 2, 'الكتل وملتقى البرلمانيات', '11:00:00', '', 'يعقد مجلس النواب بالتعاون مع المعهد الديمقراطي الوطني ورشة عمل حول \"عملية اللامركزية في الأردن والممارسات في جميع انحاء العالم\" بحضور الخبير الدولي السيد بيسنك طاهري.في .', '2018-02-05', 0, '**********', '2018-02-01 12:53:16', 30629, '2018-02-04 16:30:19', 30629, 2, 1),
(429, 39, '', '13:00:00', '', 'مناقشة القانون المؤقت رقم (81) قانون توظيف موارد تكنولوجيا المعلومات في المؤسسات الحكومية لسنة 2003. <br /><br />\n', '2018-02-04', 4, '', '2018-02-01 12:58:54', 30629, '2018-02-01 13:03:10', 30629, 2, 1),
(430, 45, '', '09:30:00', '', 'النظر في الشكوى المحالة للجنة والمقدمة من النائب يحيى السعود بحق النائب محمد الرياطي.<br />\n', '2018-02-06', 4, '', '2018-02-01 12:59:36', 30629, '2018-02-05 15:22:40', 30629, 2, 1),
(431, 16, '', '13:00:00', '', 'تجتمع اللجنة مع هيئة شباب كلنا الأردن  للاطلاع على آلية عمل الهيئة.', '2018-02-04', 3, '', '2018-02-01 13:27:10', 30629, '2018-02-04 09:57:53', 30629, 2, 1),
(432, 46, '', '13:30:00', '', 'مناقشة موضوع دعم وتمكين المرأة والاطلاع على المشاريع التي تقوم بها وزارة التخطيط والتعاون الدولي في المحافظات وآلية عمل الجمعيات والأمور التي تهم المرأة.', '2018-02-04', 5, '', '2018-02-01 13:30:24', 30629, '2018-02-04 12:38:37', 30629, 2, 1),
(433, 31, '', '13:00:00', '', 'استكمال مناقشة مشروع قانون التصديق على معاهدة ميثاق الطاقة لسنة 2016.<br /><br />\n', '2018-02-04', 10, '', '2018-02-01 13:35:41', 30629, '2018-02-01 17:02:18', 30629, 2, 1),
(434, 2, 'جلسة', '14:30:00', '', 'استكمال مناقشة جدول أعمال الجلسة (15) اعتبارا من قرار لجنة التربية والتعليم والثقافة رقم (4) تاريخ 21/1/2018 والمتضمن مشروع قانون الجامعات الأردنية لسنة 2017 بدءاً من المادة (16).<br />\r\n', '2018-02-04', 0, 'القبة', '2018-02-04 08:35:17', 30629, '0000-00-00 00:00:00', -1, 2, 1),
(435, 43, '', '13:30:00', '', 'نتائج زيارة لجنة فلسطين الى منطقة العقبة.', '2018-02-04', 9, '', '2018-02-04 10:07:22', 30629, '2018-02-04 10:28:19', 30629, 2, 1),
(436, 39, '', '10:00:00', '', 'ستشارك اللجنة الإدارية في ورشة عمل حول عملية اللامركزية في الأردن والممارسات في جميع انحاء العالم في فندق لو جرلند (المريديان سابقا).	<br />\r\n', '2018-02-05', 0, '**********', '2018-02-04 16:29:49', 30629, '0000-00-00 00:00:00', -1, 2, 1),
(437, 9, '', '16:34:03', 'بعد الجلسة مباشرة', 'مناقشة القانون المؤقت رقم (26) لسنة 2010 قانون معدل لقانون العمل.', '2018-02-06', 5, '', '2018-02-04 16:35:00', 30629, '2018-02-06 12:58:41', 30629, 2, 1),
(438, 43, '', '12:00:00', '', 'ستقوم اللجنة بزيارة الى مقر  المؤتمر الاسلامي لبيت المقدس.<br />\r\n- ملاحظة: الانطلاق من امام المجلس الساعة ١١.٣٠ صباحا.', '2018-02-05', 0, 'مقر المؤتمر الإسلامي لبيت المقدس', '2018-02-04 22:10:21', 30629, '0000-00-00 00:00:00', -1, 2, 1),
(439, 2, 'جلسة', '10:30:00', '', 'استكمال مناقشة جدول أعمال الجلسة (15) اعتبارا من قرار لجنة التربية والتعليم والثقافة رقم (4) تاريخ 21/1/2018 والمتضمن مشروع قانون الجامعات الأردنية لسنة 2017 بدءا من المادة (22).', '2018-02-06', 0, 'القبة', '2018-02-04 22:29:19', 30629, '2018-02-05 15:22:59', 30629, 2, 1),
(440, 44, '', '14:00:00', '', 'بحث خطة الحكومة في دعم ورفع كفاءة التعليم في مناطق البادية الأردنية.', '2018-02-06', 3, '', '2018-02-05 10:30:38', 30629, '2018-02-06 14:13:33', 30629, 2, 1),
(441, 31, '', '13:28:02', 'بعد الجلسة مباشرة', 'زيارة إلى وزارة الطاقة.', '2018-02-06', 0, 'وزارة الطاقة', '2018-02-05 13:29:52', 30629, '2018-02-05 13:34:12', 30629, 2, 1),
(442, 17, '', '11:00:00', '', 'ستقوم اللجنة  بزيارة إلى منطقة الحسين بن طلال التنموية في المفرق واربد للاطلاع على واقع العمل فيها.<br />\n- ملاحظة: الانطلاق من المجلس الساعة 10:00 صباحاً.', '2018-02-08', 0, '*****', '2018-02-05 14:50:07', 30629, '2018-02-08 09:20:44', 30629, 2, 1),
(443, 2, 'كتلة المبادرة النيابية', '20:28:01', 'بعد الجلسة مباشرة', ' بحث امور تهم عمل الكتلة.', '2018-02-06', 6, '', '2018-02-05 20:29:24', 30629, '0000-00-00 00:00:00', -1, 2, 1),
(444, 39, '', '12:00:00', '', 'استكمال مناقشة القانون المؤقت رقم (81) قانون توظيف موارد تكنولوجيا المعلومات في المؤسسات الحكومية لسنة 2003.<br /><br />\n', '2018-02-11', 5, '', '2018-02-07 12:42:44', 30629, '2018-02-08 16:31:02', 30629, 2, 1),
(445, 40, '', '13:00:00', '', 'مناقشة موضوع الاجراءات المتخذة لدعم الكتاب والقلم.', '2018-02-11', 6, '', '2018-02-07 12:47:18', 30629, '2018-02-08 16:30:51', 30629, 2, 1),
(447, 16, '', '12:30:00', '', 'زيارة إلى جامعة الشرق الوسط.<br />\r\n- ملاحظة: الانطلاق من مجلس النواب الساعة 12:00 ظهراً.', '2018-02-11', 0, '**********', '2018-02-07 13:16:24', 30629, '0000-00-00 00:00:00', -1, 2, 1),
(448, 46, '', '12:00:00', '', 'زيارة إلى المركز الوطني للبحث والارشاد الزراعي للاطلاع على آلية عمل المركز والأمور التي تهم المرأة.<br />\r\n- ملاحظة: الانطلاق من مجلس النواب الساعة 11:00 صباحاً.', '2018-02-12', 0, '**********', '2018-02-07 14:28:51', 30629, '0000-00-00 00:00:00', -1, 2, 1),
(449, 2, 'جمعية الصداقة البرلمانية الأردنية مع البرلمان الاوروبي', '11:30:00', '', 'سيلتقي رئيس واعضاء جمعية الصداقة البرلمانية الأردنية مع البرلمان الاوروبي مع سفير الاتحاد الأوروبي.', '2018-02-08', 10, '', '2018-02-07 14:38:25', 30629, '2018-02-07 15:19:32', 30629, 2, 1),
(450, 15, '', '12:00:00', '', 'زيارة إلى مستشفى الامير حمزة لاطلاع على واقع الخدمات المقدمة للمراجعين.', '2018-02-08', 0, 'مستشفى الامير حمزة', '2018-02-08 09:14:07', 30629, '2018-02-08 09:15:15', 30629, 2, 1),
(451, 2, 'جلسة', '14:30:00', '', 'استكمال مناقشة جدول أعمال الجلسة (15) اعتباراً من قرار لجنة الطاقة والثروة المعدنية رقم (5) تاريخ 14/1/2018 والمتضمن مشروع قانون المصادر الطبيعية لسنة 2015 بدءاً من المادة (2).', '2018-02-11', 0, 'القبة', '2018-02-08 09:29:50', 30629, '0000-00-00 00:00:00', -1, 2, 1),
(452, 31, '', '11:30:00', '', 'زيارة إلى شركة مصفاة البترول الأردنية - عمان.<br />\r\n- ملاحظة: الانطلاق من مجلس النواب الساعة 11:00 صباحاً.', '2018-02-11', 0, '**********', '2018-02-08 11:13:18', 30629, '0000-00-00 00:00:00', -1, 2, 1),
(453, 10, '', '12:00:00', '', 'للاطلاع على القانون المؤقت رقم (36) لسنة 2010 قانون الاحوال الشخصية بالصيغة النهائية وبعض المذكرات المحالة للجنة.', '2018-02-11', 4, '', '2018-02-08 14:58:49', 30629, '0000-00-00 00:00:00', -1, 2, 1),
(454, 11, '', '12:00:00', '', 'مناقشة مشروع قانون النقل الدولي متعدد الوسائط لسنة 2011.', '2018-02-11', 3, '', '2018-02-08 16:32:38', 30629, '0000-00-00 00:00:00', -1, 2, 1),
(455, 2, 'جلسة', '10:30:00', '', 'استكمال مناقشة جدول أعمال الجلسة (15) اعتباراً من قرار لجنة الطاقة والثروة المعدنية رقم (5) تاريخ 14/1/2018 والمتضمن مشروع قانون المصادر الطبيعية لسنة 2015 بدءاً من المادة (15).<br />\r\n', '2018-02-13', 0, 'القبة', '2018-02-11 16:31:39', 30629, '0000-00-00 00:00:00', -1, 2, 1),
(456, 9, '', '16:43:01', 'بعد الجلسة مباشرة', 'مناقشة القانون المؤقت رقم (26) لسنة 2010 قانون معدل لقانون العمل.', '2018-02-13', 4, '', '2018-02-11 16:43:25', 30629, '0000-00-00 00:00:00', -1, 2, 1),
(457, 43, '', '12:00:00', '', 'تجتمع اللجنة بحضور وزير الاعلام لمناقشة دور الاعلام في تغطية القرار الامريكي المتعلق بنقل السفارة الامريكية لمدينة القدس.', '2018-02-12', 4, '', '2018-02-11 16:53:50', 30629, '2018-02-12 09:02:49', 30629, 2, 1),
(458, 15, '', '16:57:02', 'بعد الجلسة مباشرة', 'التباحث بتوصيات زيارتي مستشفى البشير ومستشفى الأمير حمزة.', '2018-02-13', 3, '', '2018-02-11 16:57:34', 30629, '2018-02-12 16:00:05', 30629, 2, 1),
(460, 45, '', '09:30:00', '', 'النظر في الشكوى المحالة للجنة والمقدمة من لجنة فلسطين بحق النائب محمد الرياطي.<br />\r\n', '2018-02-13', 4, '', '2018-02-11 17:22:03', 30629, '0000-00-00 00:00:00', -1, 2, 1),
(461, 11, '', '12:00:01', '', 'مناقشة مشروع قانون النقل الدولي متعدد الوسائط لسنة 2011.<br /><br />\n', '2018-02-14', 4, '', '2018-02-12 13:03:10', 30629, '2018-02-13 15:02:00', 30629, 2, 1),
(463, 2, 'كتلة مبادرة النيابية', '10:18:01', 'بعد الجلسة مباشرة', 'تحديد أولويات العمل في المرحلة المقبلة.', '2018-02-13', 5, '', '2018-02-13 10:19:13', 30629, '0000-00-00 00:00:00', -1, 2, 1),
(464, 2, 'ملتقى البرلمانيات الاردنيات', '12:00:00', '', 'زيارة إلى مديرية الدفاع المدني والالتقاء بعطوفة مدير عام الدفاع المدني.<br />\r\n- ملاحظة: الانطلاق من مجلس النواب الساعة 11:30 صباحاً.', '2018-02-14', 0, '*****', '2018-02-13 10:22:59', 30629, '0000-00-00 00:00:00', -1, 2, 1),
(465, 43, '', '13:00:00', '', 'لقاء مع وفد يمثل أبناء قطاع غزة من أجل تقديم الشكر للجنة في متابعة وتلبية مطالبهم.', '2018-02-14', 5, '', '2018-02-13 14:51:37', 30629, '2018-02-13 15:02:15', 30629, 2, 1),
(466, 15, '', '12:00:00', '', 'زيارة إلى اتحاد الجمعيات البيئية للاستماع إلى ملاحظاتهم حول الواقع البيئي في الأردن.<br />\r\n- ملاحظة: الانطلاق من أمام المجلس الساعة 11:30 صباحاً.', '2018-02-15', 0, '******', '2018-02-13 14:57:33', 30629, '0000-00-00 00:00:00', -1, 2, 1),
(467, 41, '', '11:00:00', '', 'تلتقي اللجنة مع دولة رئيس الوزراء والوزراء المعنيين وممثلي القطاع الزراعي في دار رئاسة الوزراء.', '2018-02-15', 0, '*******', '2018-02-13 15:07:40', 30629, '0000-00-00 00:00:00', -1, 2, 1),
(468, 2, 'كتلة وطن النيابية', '10:30:00', '', 'اجتماع كتلة وطن النيابية.<br />\r\n', '2018-02-14', 4, '', '2018-02-13 15:36:11', 30629, '0000-00-00 00:00:00', -1, 2, 1),
(469, 2, 'جلسة', '14:30:00', '', 'مناقشة جدول أعمال الجلسة السابعة عشر.', '2018-02-18', 0, 'القبة', '2018-02-14 15:12:08', 30629, '0000-00-00 00:00:00', -1, 2, 1),
(472, 43, '', '13:00:00', '', 'تلتقي اللجنة مع معالي وزير الأوقاف للحديث عن دور الخطباء والمدرسين والوعاظ في خدمة قضية القدس.', '2018-02-18', 5, '', '2018-02-15 10:16:06', 30629, '2018-02-18 08:45:18', 30629, 2, 1),
(473, 11, '', '09:30:00', '', 'مناقشة استراتيجية النقل لدى أمانة عمان.', '2018-02-18', 4, '', '2018-02-15 10:17:50', 30629, '2018-02-18 08:43:40', 30629, 2, 1),
(474, 12, '', '13:00:00', '', 'النظر ببعض الشكاوى التي قدمت للجنة.', '2018-02-18', 3, '', '2018-02-15 10:19:35', 30629, '2018-02-18 08:45:01', 30629, 2, 1),
(475, 45, '', '12:00:00', '', 'استكمال النظر في الشكوى المحالة للجنة والمقدمة من لجنة فلسطين بحق النائب محمد الرياطي. ', '2018-02-18', 6, '', '2018-02-15 10:21:37', 30629, '2018-02-18 08:54:58', 30629, 2, 1),
(476, 16, '', '13:00:00', '', 'تلتقي اللجنة مع أمين عام اللجنة الأولمبية للاطلاع على آلية عمل اللجنة.', '2018-02-18', 4, '', '2018-02-15 12:36:14', 30629, '2018-02-18 11:50:35', 30629, 2, 1);
INSERT INTO `events` (`id`, `committee_id`, `event_entity_name`, `time`, `event_appointment`, `subject`, `event_date`, `hall_id`, `event_place`, `event_insertion_date`, `user_id_insert`, `event_edit_date`, `user_id_edit`, `directorate_id`, `event_status`) VALUES
(477, 2, 'اللجنة القانونية ولجنة التربية والتعليم', '10:00:00', '', 'مناقشة مشروع قانون معدل لقانون نقابة المعلمين الاردنيين لسنة 2017.<br /><br />\n', '2018-02-19', 4, '', '2018-02-15 12:44:52', 30629, '2018-02-19 08:44:28', 30629, 2, 1),
(478, 16, '', '12:00:00', '', 'تلتقي اللجنة مع رئيس تحرير مجلة الشباب والرياضة .', '2018-02-18', 9, '', '2018-02-18 08:47:52', 30629, '0000-00-00 00:00:00', -1, 2, 1),
(479, 9, '', '13:00:01', '', 'استكمال مناقشة القانون المؤقت رقم (26) لسنة 2010 قانون معدل لقانون العمل.<br /><br />\n', '2018-02-20', 4, '', '2018-02-18 15:43:01', 30629, '2018-02-20 11:53:21', 30629, 2, 1),
(480, 11, '', '15:47:02', 'بعد الجلسة مباشرة', 'مناقشة مشروع قانون النقل الدولي متعدد الوسائط لسنة 2011.<br />\n', '2018-02-20', 5, '', '2018-02-18 15:48:12', 30629, '2018-02-19 15:24:07', 30629, 2, 1),
(481, 39, '', '11:30:00', '', 'زيارة الى دائرة الجمارك للاطلاع على الية عمل الدائرة.<br />\n- ملاحظة: التحرك من المجلس الساعة 11:00 صباحا.', '2018-02-19', 0, '******', '2018-02-19 08:47:47', 30629, '2018-02-19 08:48:57', 30629, 2, 1),
(482, 43, '', '14:30:00', '', 'مناقشة مطالب أبناء قطاع غزة المقيمين في المملكة.', '2018-02-20', 10, '', '2018-02-19 12:46:47', 30629, '2018-02-20 08:58:10', 30629, 2, 1),
(483, 12, '', '14:00:00', '', 'مناقشة موضوع معادلة شهادات كلية الهندسة التكنولوجية - جامعة البلقاء التطبيقية من دفعة التجسير لعام 2015.', '2018-02-20', 3, '', '2018-02-19 13:50:11', 30629, '2018-02-19 15:33:07', 30629, 2, 1),
(484, 2, 'جلسة', '10:30:00', '', 'مناقشة جدول أعمال الجلسة (18).', '2018-02-20', 0, 'القبة', '2018-02-19 15:24:51', 30629, '0000-00-00 00:00:00', -1, 2, 1),
(485, 39, '', '11:00:00', '', '- بحث موضوع احتساب الخبرة لموظفين الفئة الثالثة على الراتب الأساسي بعد معادلة الشهادة الجامعية.<br />\n- النظر في الشكوى المحاله للجنة حول فقدان وظيفة بسبب تعدد المسميات الوظيفية في وزارة التربية والتعليم.', '2018-02-21', 4, '', '2018-02-20 15:15:37', 30629, '2018-02-20 22:15:44', 30629, 2, 1),
(487, 2, 'اللجنة القانونية ولجنة التربية والتعليم', '10:00:00', '', 'اقرار مشروع قانون معدل لقانون نقابة المعلمين الاردنيين لسنة 2017.<br />\r\n', '2018-02-22', 4, '', '2018-02-21 14:31:11', 30629, '0000-00-00 00:00:00', -1, 2, 1),
(488, 2, 'اللجنة القانونية ولجنة المرأة', '13:00:00', '', 'لقاء مع اللجنة الوطنية الأردنية لشؤون المرأة والهيئات النسائية للاستماع إلى ارائهم حول قانون الأحوال الشخصية:<br /><br />\n', '2018-02-25', 4, '', '2018-02-21 15:34:58', 30629, '2018-02-21 15:35:22', 30629, 2, 1),
(489, 31, '', '13:00:00', '', 'بحث موضوع المحاجر والكسارات المخالفة في البادية الشمالية.', '2018-02-25', 5, '', '2018-02-21 15:38:20', 30629, '2018-02-25 08:57:22', 30629, 2, 1),
(490, 10, '', '13:00:00', '', 'مناقشة مشروع قانون وضع الأموال المنقولة تأميناً للدين لسنة 2014.', '2018-02-27', 10, '', '2018-02-21 15:42:38', 30629, '2018-02-26 11:01:41', 30629, 2, 1),
(491, 11, '', '12:00:03', 'بعد الجلسة مباشرة', 'مناقشة مشروع قانون النقل الدولي متعدد الوسائط لسنة 2011.', '2018-02-27', 5, '', '2018-02-21 15:45:30', 30629, '2018-02-26 11:00:49', 30629, 2, 1),
(492, 16, '', '13:00:00', '', 'تلتقي اللجنة مع لجنة الثقافة والشباب والرياضة لمجلس الأعيان.<br />\n', '2018-02-25', 0, 'مبنى مجلس الأعيان', '2018-02-21 15:51:44', 30629, '2018-02-25 08:59:33', 30629, 2, 1),
(493, 15, '', '11:00:00', '', 'مناقشة مشروع قانون المسؤولية الطبية والصحية لسنة 2016 بحضور المعنيين.', '2018-02-25', 4, '', '2018-02-21 15:55:09', 30629, '2018-02-25 08:58:48', 30629, 2, 1),
(494, 45, '', '13:30:01', 'بعد الجلسة مباشرة', 'النظر في الشكاوى المحالة إلى اللجنة.', '2018-02-27', 3, '', '2018-02-21 15:57:08', 30629, '2018-02-26 08:39:03', 30629, 2, 1),
(495, 13, '', '10:30:00', '', 'لقاء مع معالي وزير الخارجية وشؤون المغتربين لمناقشة بعض الأمور التي تهم اللجنة واخر المستجدات في المنطقة.', '2018-02-22', 5, '', '2018-02-21 16:33:23', 30629, '2018-02-21 16:37:52', 30629, 2, 1),
(496, 15, '', '12:00:00', '', 'زيارة الى إدارة التأمين الصحي للاطلاع على واقع الخدمات المقدمة للمواطنين. <br />\r\n-	ملاحظة: التحرك من امام المجلس الساعة 11:30 صباحا.', '2018-02-22', 0, '******', '2018-02-21 16:34:24', 30629, '0000-00-00 00:00:00', -1, 2, 1),
(497, 2, 'جلسة ', '10:30:00', '', 'مناقشة جدول أعمال الجلسة (٢٠).', '2018-02-27', 0, 'القبة', '2018-02-22 10:27:04', 30629, '2018-02-25 21:12:20', 30629, 2, 1),
(498, 39, '', '12:00:00', '', 'زيارة إلى أمانة عمان الكبرى للاطلاع على آلية عمل الأمانة.<br />\r\n- ملاحظة: الانطلاق من أمام المجلس الساعة 11:30 صباحاً.', '2018-02-26', 0, '******', '2018-02-22 14:55:00', 30629, '0000-00-00 00:00:00', -1, 2, 1),
(499, 46, '', '13:00:00', '', 'تلتقي اللجنة مع اللجنة الوزارية لشؤون المرأة للاطلاع على دور اللجنة الوزارية في تمكين المرأة والنهوض بها.', '2018-02-27', 6, '', '2018-02-25 17:37:58', 30629, '2018-02-26 11:01:19', 30629, 2, 1),
(500, 15, '', '12:00:00', '', 'مناقشة مشروع قانون المسؤولية الطبية والصحية لسنة 2016 بحضور المعنيين.<br /><br />\n', '2018-02-26', 5, '', '2018-02-25 17:47:27', 30629, '2018-02-25 19:03:00', 30629, 2, 1),
(501, 42, '', '11:00:00', '', 'مناقشة بعض القضايا المطروحة على اللجنة وبحضور معالي وزير العدل', '2018-02-26', 3, '', '2018-02-25 19:04:36', 30629, '0000-00-00 00:00:00', -1, 2, 1),
(502, 9, '', '13:00:00', '', 'استكمال مناقشة القانون المؤقت رقم (26) لسنة 2010 قانون معدل لقانون العمل.', '2018-02-27', 4, '', '2018-02-26 08:39:57', 30629, '2018-02-26 11:00:56', 30629, 2, 1),
(503, 2, '*****', '09:30:00', '', 'جلسة تشاورية مع ائتلاف البرلمانيات من الدول العربية لمناهضة العنف ضد المرأة حول قانون الأحوال الشخصية بهدف تبادل الآراء حول القانون المعروض على المجلس.', '2018-02-26', 8, '', '2018-02-26 08:47:00', 30629, '0000-00-00 00:00:00', -1, 2, 1),
(505, 39, '', '09:30:00', '', 'استكمال مناقشة القانون المؤقت رقم (81) قانون توظيف موارد تكنولوجيا المعلومات في المؤسسات الحكومية لسنة 2003.', '2018-02-27', 4, '', '2018-02-26 15:26:37', 30629, '0000-00-00 00:00:00', -1, 2, 1),
(506, 43, '', '20:47:02', 'بعد الجلسة مباشرة', 'تلتقي اللجنة مع رئيس  وأعضاء الهيئة الإدارية لنادي البقعه.', '2018-02-27', 0, 'قاعة التشريفات - مجلس الاعيان', '2018-02-26 20:48:21', 30629, '2018-02-26 23:45:12', 30629, 2, 1),
(507, 11, '', '12:00:00', '', 'زيارة إلى هيئة تنظيم الطيران المدني.<br />\n- ملاحظة: الانطلاق من امام المجلس الساعة 11:30 صباحاً.', '2018-02-28', 0, '******', '2018-02-27 11:56:19', 30629, '2018-02-27 20:13:22', 30629, 2, 1),
(508, 2, 'ملتقى البرلمانيات', '12:00:00', '', 'زيارة الى المديرية العامة لقوات الدرك والالتقاء بعطوفة الباشا.<br />\n- ملاحظة: الانطلاق من امام المجلس الساعة 11:15 صباحاً.', '2018-02-28', 0, '******', '2018-02-27 12:07:34', 30629, '2018-02-27 20:14:49', 30629, 2, 1),
(510, 43, '', '12:00:00', '', 'مناقشة موضوع حصار غزة والمساعدات المقدمة لهم.', '2018-02-28', 4, '', '2018-02-28 14:57:04', 30629, '0000-00-00 00:00:00', -1, 2, 1),
(511, 2, 'جلسة', '13:59:03', '******', 'مناقشة جدول أعمال الجلسة (21) في جلستين:<br />\n      - الجلسة الأولى: الساعة 10:30 صباحاً.<br />\n      - الجلسة الثانية: الساعة 2:30 عصراً.', '2018-03-04', 0, 'القبة', '2018-02-28 16:08:32', 30629, '2018-02-28 16:09:34', 30629, 2, 1),
(512, 43, '', '12:00:00', '', 'مناقشة موضوع حصار غزة والمساعدات المقدمة لهم.', '2018-03-01', 4, '', '2018-03-01 09:09:14', 30629, '0000-00-00 00:00:00', -1, 2, 1),
(514, 10, '', '15:00:00', '', 'مناقشة مشروع قانون وضع الاموال المنقولة تأمينا للدين لسنة 2014 .', '2018-03-05', 4, '', '2018-03-01 09:31:03', 30629, '2018-03-04 17:28:26', 30629, 2, 1),
(515, 17, '', '09:32:03', 'بعد الجلسة الصباحية', 'مناقشة موضوع كفاءة الادارة الضريبة.', '2018-03-04', 4, '', '2018-03-01 09:34:07', 30629, '2018-03-01 13:00:53', 30629, 2, 1),
(516, 46, '', '09:53:02', 'بعد الجلسة الصباحية', 'تجتمع اللجنة مع مركز دراسات المراة وعدد من طلاب الماجستير للاطلاع على عمل اللجنة .', '2018-03-04', 5, '', '2018-03-01 09:54:18', 30629, '2018-03-01 13:02:40', 30629, 2, 1),
(517, 45, '', '09:30:00', '', 'النظر في الشكوى المحالة للجنة والمقدمة من النائب محمد الرياطي بحق النائب يحيى السعود .', '2018-03-04', 4, '', '2018-03-01 09:57:04', 30629, '2018-03-01 13:00:43', 30629, 2, 1),
(518, 12, '', '09:57:02', 'بعد الجلسة الصباحية', 'مناقشة بعض القضايا المطروحة على اللجنة وبحضور وزير التعليم العالي .', '2018-03-04', 3, '', '2018-03-01 09:59:07', 30629, '2018-03-01 13:02:49', 30629, 2, 1),
(519, 2, 'لجنة الاخوة البرلمانية الاردنية-البحرينية', '11:00:00', '', 'تلتقي اللجنة مع سعادة سفير مملكة البحرين في عمان.', '2018-03-05', 9, '', '2018-03-01 12:14:25', 30629, '0000-00-00 00:00:00', -1, 2, 1),
(520, 31, '', '11:30:00', '', 'مناقشة مشروع قانون الكهرباء لسنة 2018.', '2018-03-05', 5, '', '2018-03-01 12:48:11', 30629, '2018-03-04 17:28:10', 30629, 2, 1),
(521, 2, 'لجنة الشؤون الخارجية ولجنة الصداقة الاردنية الالمانية', '11:15:00', '', 'لقاء مع لجنة الشؤون الاتحادية والاوروبية في برلمان بافاريا - جمهورية المانيا الاتحادية للاطلاع على التعاون الانمائي الالماني الاردني.', '2018-03-05', 4, '', '2018-03-04 09:46:09', 30629, '2018-03-04 17:27:51', 30629, 2, 1),
(522, 43, '', '13:00:00', '', 'زيارة إلى سفارة الجمهورية الاندونيسية.<br />\r\n- ملاحظة: الانطلاق من أمام المجلس الساعة 12:30 ظهراً.', '2018-03-05', 0, '******', '2018-03-04 17:27:12', 30629, '0000-00-00 00:00:00', -1, 2, 1),
(523, 9, '', '18:28:03', 'بعد الجلسة مباشرة', 'استكمال مناقشة القانون المؤقت رقم (26) لسنة 2010 قانون معدل لقانون العمل.', '2018-03-06', 10, '', '2018-03-04 18:28:59', 30629, '2018-03-05 15:11:36', 30629, 2, 1),
(524, 11, '', '18:43:02', 'بعد الجلسة مباشرة', 'مناقشة مشروع قانون معدل لقانون البناء الوطني الاردني لسنة ٢٠١٧.', '2018-03-06', 5, '', '2018-03-04 18:44:11', 30629, '2018-03-05 15:05:37', 30629, 2, 1),
(525, 41, '', '18:53:03', 'بعد الجلسة مباشرة', 'مناقشة مواضيع تتعلق بالقطاع الزراعي.', '2018-03-06', 4, '', '2018-03-04 18:53:50', 30629, '2018-03-05 15:11:49', 30629, 2, 1),
(526, 2, 'جلسة', '10:30:00', '', 'مناقشة جدول أعمال الجلسة (٢٢).', '2018-03-06', 0, 'القبة', '2018-03-04 19:47:31', 30629, '0000-00-00 00:00:00', -1, 2, 1),
(527, 17, '', '13:00:00', '', 'مناقشة موضوع اتمتة الاجراءات الحكومية.', '2018-03-07', 10, '', '2018-03-05 13:36:43', 30629, '2018-03-07 09:38:50', 30629, 2, 1),
(528, 10, '', '13:00:00', '', 'مناقشة مشروع القانون المعدل لقانون التحكيم المعاد من مجلس الأعيان لسنة 2017 وعدد من الاتفاقيات بين المملكة الأردنية الهاشمية وجمهورية كازاخستان بخصوص تسليم الاشخاص ونقل الاشخاص والمساعدة القانونية.', '2018-03-07', 4, '', '2018-03-06 16:01:46', 30629, '2018-03-06 16:03:33', 30629, 2, 1),
(529, 15, '', '13:00:00', '', 'مناقشة مشروع قانون المسؤولية الطبية والصحية لسنة 2016.', '2018-03-07', 5, '', '2018-03-06 16:10:59', 30629, '2018-03-07 09:39:01', 30629, 2, 1),
(530, 15, '', '11:30:00', '', 'زيارة الى مركز صحي عمان الشامل.<br />\n- ملاحظة: التحرك من أمام المجلس الساعة 11:15 صباحا.', '2018-03-08', 0, '*******', '2018-03-07 15:33:44', 30629, '2018-03-07 15:34:23', 30629, 2, 1),
(532, 2, 'كتلة مبادرة النيابية', '13:00:00', '', 'تعقد الكتلة مؤتمراً صحفياً لاطلاق برنامج عمل الكتلة.', '2018-03-11', 6, '', '2018-03-08 11:55:50', 30629, '2018-03-11 10:14:55', 30629, 2, 1),
(533, 46, '', '13:00:00', '', 'تجتمع اللجنة مع حملة بنت (15) لمناقشة موضوع زواج القاصرات ما دون الخامسة عشر.', '2018-03-11', 9, '', '2018-03-08 13:24:19', 30629, '2018-03-08 16:00:24', 30629, 2, 1),
(534, 17, '', '11:00:00', '', 'مناقشة موضوع المنتدى الاقتصادي الذي ستعقده اللجنة خلال الفترة 2 - 2018/5/3.', '2018-03-11', 10, '', '2018-03-08 13:29:15', 30629, '2018-03-08 15:58:55', 30629, 2, 1),
(536, 2, 'لجنة التوجيه الوطني والاعلام واللجنة المالية', '13:00:00', '', 'مناقشة موضوع خصوصية مؤسسة الاذاعة والتلفزيون وضرورة استثنائها من احكام نظام الخدمة المدنية.<br />\n', '2018-03-11', 4, '', '2018-03-08 13:35:37', 30629, '2018-03-08 15:59:27', 30629, 2, 1),
(537, 9, '', '11:00:00', '', 'تجتمع اللجنة لمناقشة ما يلي:<br />\r\n1. مطالب عمال شركة الكهرباء الوطنية.<br />\r\n2. موضوع موظفي الشركة الأردنية السورية للنقل البري.', '2018-03-11', 4, '', '2018-03-08 13:39:25', 30629, '0000-00-00 00:00:00', -1, 2, 1),
(538, 10, '', '10:00:00', '', 'مناقشة مشروع قانون وضع الأموال  بالمنقولة تأميناً للدين لسنة 2014.', '2018-03-12', 4, '', '2018-03-08 14:54:44', 30629, '2018-03-11 17:19:00', 30629, 2, 1),
(539, 31, '', '12:00:00', '', 'زيارة إلى شركة البترول الوطنية.<br />\r\n- ملاحظة: التحرك من مبنى مجلس النواب الساعة 11:30 صباحاً.<br />\r\n', '2018-03-12', 0, '*******', '2018-03-08 14:55:39', 30629, '0000-00-00 00:00:00', -1, 2, 1),
(540, 2, 'جلسة', '14:30:00', '', 'مناقشة جدول أعمال الجلسة (23).', '2018-03-11', 0, 'القبة', '2018-03-08 15:00:20', 30629, '0000-00-00 00:00:00', -1, 2, 1),
(541, 31, '', '13:00:00', '', 'استكمال مناقشة مشروع قانون الكهرباء لسنة 2018 ومناقشة مشروع قانون التصديق على معاهدة ميثاق الطاقة لسنة 2016.', '2018-03-11', 10, '', '2018-03-08 15:04:35', 30629, '2018-03-08 15:59:51', 30629, 2, 1),
(542, 42, '', '12:00:00', '', 'بحث بعض الأمور التي تهم اللجنة وبحضور محافظي الكرك والطفيلة ومعان والعقبة وقائد أمن أقليم الجنوب ومدراء شرطة المحافظات المذكورة.', '2018-03-11', 5, '', '2018-03-08 15:07:54', 30629, '2018-03-08 15:59:16', 30629, 2, 1),
(543, 45, '', '13:00:00', '', 'استكمال النظر في الشكوى المقدمة من لجنة فلسطين بحق النائب محمد الرياطي.', '2018-03-11', 7, '', '2018-03-08 15:11:42', 30629, '2018-03-08 16:00:13', 30629, 2, 1),
(544, 44, '', '13:00:00', '', 'بحث تطوير شبكة الطرق الزراعية في مناطق البادية الأردنية.', '2018-03-11', 3, '', '2018-03-08 15:20:01', 30629, '2018-03-08 16:00:05', 30629, 2, 1),
(545, 2, 'اللجنة المشتركة ( القانونية، الاقتصاد والاستثمار)', '13:00:00', '', 'انتخاب رئيس ومقرر للجنة لمناقشة مشروع قانون معدل لقانون الجمارك لسنة 2017.', '2018-03-12', 4, '', '2018-03-08 15:24:08', 30629, '0000-00-00 00:00:00', -1, 2, 1),
(546, 9, '', '11:00:00', '', 'استكمال مناقشة القانون المؤقت رقم (26) لسنة 2010 قانون معدل لقانون العمل.', '2018-03-14', 4, '', '2018-03-11 12:38:02', 30629, '2018-03-14 08:46:03', 30629, 2, 1),
(547, 31, '', '12:48:02', 'بعد الجلسة مباشرة', 'بحث إمكانية تخفيض أسعار الكهرباء على القطاع الصناعي.', '2018-03-13', 5, '', '2018-03-11 12:49:15', 30629, '2018-03-12 14:40:00', 30629, 2, 1),
(549, 15, '', '12:53:02', 'بعد الجلسة مباشرة', 'مناقشة مشروع قانون المسؤولية الطبية والصحية لسنة 2016.', '2018-03-13', 3, '', '2018-03-11 12:55:15', 30629, '2018-03-12 14:40:08', 30629, 2, 1),
(550, 2, 'كتلة النهضة النيابية', '14:00:00', '', 'زيارة إلى شركة الفوسفات الأردنية والألتقاء بمعالي رئيس مجلس إدارة شركة الفوسفات د. محمد الذنيبات .<br />\r\n- ملاحظة: الانطلاق من المجلس الساعة 1:30 ', '2018-03-13', 0, '******', '2018-03-11 13:03:00', 30629, '0000-00-00 00:00:00', -1, 2, 1),
(551, 2, 'المكتب الدائم', '10:30:00', '', 'اجتماع اعضاء المكتب الدائم لمجلس النواب<br />\r\n', '2018-03-12', 7, '', '2018-03-11 17:16:50', 30629, '0000-00-00 00:00:00', -1, 2, 1),
(552, 38, '', '11:00:00', '', 'مناقشة تقرير ديوان المحاسبة 2016 والاجراءات المتخذة في التقارير السابقة المحالة، بحضور رئيس ديوان المحاسبة ورئيس هيئة النزاهة ومكافحة الفساد.', '2018-03-15', 4, '', '2018-03-12 08:57:10', 30629, '2018-03-14 20:15:54', 30629, 2, 1),
(553, 11, '', '13:00:00', '', 'مناقشة مشروع قانون معدل لقانون البناء الوطني الأردني لسنة 2017.<br />\n', '2018-03-14', 5, '', '2018-03-12 11:57:01', 30629, '2018-03-13 15:22:56', 30629, 2, 1),
(554, 39, '', '11:00:00', '', 'مناقشة توصيات مؤتمر (البطالة في الأردن... أسبابها وكيفية الحد منها).', '2018-03-14', 6, '', '2018-03-12 12:04:58', 30629, '2018-03-14 12:35:53', 30629, 2, 1),
(555, 2, 'ملتقى البرلمانيات', '13:00:00', '', 'زيارة الى إدارة مكافحة المخدرات.<br />\n- ملاحظة: الانطلاق من امام المجلس الساعة 12:15 صباحاً.<br />\n', '2018-03-14', 0, '******', '2018-03-12 14:18:01', 30629, '2018-03-14 09:05:54', 30629, 2, 1),
(556, 10, '', '14:00:00', '', 'مناقشة مشروع قانون وضع الأموال المنقولة تأميناً للدين لسنة 2014.', '2018-03-13', 4, '', '2018-03-12 14:22:14', 30629, '2018-03-13 09:37:02', 30629, 2, 1),
(557, 17, '', '13:00:00', '', 'مناقشة تبسيط إجراءات الأمانة والشركة المساهمة الخاصة التي اسستها الأمانة لادارة استثماراتها.', '2018-03-14', 4, '', '2018-03-13 14:52:40', 30629, '2018-03-13 15:23:07', 30629, 2, 1),
(558, 9, '', '18:30:00', '', 'تلتقي اللجنة مع رئيس وأعضاء غرفتي تجارة وصناعة الاردن وغرفتي تجارة وصناعة عمان.', '2018-03-14', 0, 'غرفة تجارة عمان - الشميساني', '2018-03-13 19:01:20', 30629, '0000-00-00 00:00:00', -1, 2, 1),
(559, 10, '', '10:00:00', '', 'مناقشة مشروع قانون وضع الأموال المنقولة تأميناً للدين لسنة 2014.', '2018-03-19', 4, '', '2018-03-14 14:57:21', 30629, '2018-03-18 18:09:50', 30629, 2, 1),
(560, 2, 'اللجنة المشتركة (اللجنة القانونية ولجنة الاقتصاد)', '15:00:00', '', 'مناقشة مشروع قانون معدل لقانون الجمارك لسنة 2017.', '2018-03-19', 4, '', '2018-03-14 14:58:24', 30629, '2018-03-18 18:09:59', 30629, 2, 1),
(561, 39, '', '13:00:00', '', 'بحث موضوع العلاوة الفنية للأطباء البيطريين العاملين في القطاع العام.', '2018-03-18', 4, '', '2018-03-14 15:00:53', 30629, '2018-03-18 08:49:57', 30629, 2, 1),
(562, 43, '', '13:00:00', '', 'تجتمع اللجنة مع معالي وزير العمل لبحث موضوع تصاريح العمل لأبناء قطاع غزة المقيمين بالمملكة.', '2018-03-18', 5, '', '2018-03-14 15:04:47', 30629, '2018-03-15 16:02:05', 30629, 2, 1),
(563, 15, '', '12:00:00', '', 'زيارة الى مسلخ امانة عمان للاطلاع على واقع العمل في المسلخ . <br />\r\n- ملاحظة :التحرك من امام المجلس الساعة 11:30 صباحا .<br />\r\n', '2018-03-15', 0, '******', '2018-03-15 08:45:46', 30629, '0000-00-00 00:00:00', -1, 2, 1),
(564, 2, 'جمعية الصداقة البرلمانية الأردنية – التركية', '11:00:00', '', 'سيقوم رئيس وأعضاء جمعية الصداقة البرلمانية الأردنية – التركية بالمشاركة بالاحتفال بيوم الشهداء الاتراك في مقبرة الشهداء بالسلط.<br />\r\n- ملاحظة: التحرك من مجلس النواب الساعة 10:30 صباحاً.', '2018-03-18', 0, '******', '2018-03-15 15:17:17', 30629, '0000-00-00 00:00:00', -1, 2, 1),
(565, 44, '', '13:00:00', '', 'بحث موضوع منافع المجتمعات المحلية من مشاريع الطاقة البديلة في مناطق البادية الأردنية.', '2018-03-18', 3, '', '2018-03-15 15:24:04', 30629, '2018-03-15 16:01:58', 30629, 2, 1),
(566, 12, '', '12:00:00', '', 'مناقشة بعض الأمور المطروحة على اللجنة بحضور وزير التربية والتعليم.', '2018-03-18', 8, '', '2018-03-15 15:25:02', 30629, '2018-03-15 16:02:14', 30629, 2, 1),
(567, 2, 'جلسة رقابية', '14:30:00', '', 'مناقشة جدول أعمال الجلسة (٢٤).', '2018-03-18', 0, 'القبة', '2018-03-15 19:08:45', 30629, '0000-00-00 00:00:00', -1, 2, 1),
(568, 46, '', '11:00:00', '', 'زيارة الى المركز الوطني لحقوق الانسان وذلك للاطلاع على عمل المركز وبحث بعض الامور التي تهم المرأة.<br />\r\n-	ملاحظة :الانطلاق من مجلس النواب الساعة 10:15 صباحا .', '2018-03-18', 0, '*******', '2018-03-18 08:49:35', 30629, '0000-00-00 00:00:00', -1, 2, 1),
(569, 9, '', '15:00:00', '', 'تلتقي اللجنة مع سعادة سفيرة جمهورية العراق صفيه السهيل في مبنى السفارة العراقية.<br />\nملاحظة: التحرك من مجلس النواب الساعة 2:15 بعد الظهر وبالحافلة.', '2018-03-19', 0, '******', '2018-03-18 10:49:40', 30629, '2018-03-18 17:23:36', 30629, 2, 1),
(571, 2, 'جلسة', '10:30:02', '*****', 'مناقشة جدول أعمال الجلسة (٢٥) والمتضمن  قرار لجنة الصحة والبيئة رقم (2) تاريخ  18/3/2018 والمتضمن مشروع قانون المسؤولية الطبية والصحية لسنة 2016. في جلستين:<br />\nالجلسة الاولى: الساعة ١٠:٣٠ صباحا.<br />\nالجلسة الثانية: الساعة ٢:٣٠ بعد الظهر.', '2018-03-20', 0, 'القبة', '2018-03-18 22:21:43', 30629, '2018-03-19 17:46:28', 30629, 2, 1),
(572, 16, '', '17:55:01', 'بعد الجلسة الصباحية', 'مناقشة الاسس الجديدة لصرف الدعم للأندية.', '2018-03-20', 4, '', '2018-03-19 17:56:31', 30629, '0000-00-00 00:00:00', -1, 2, 1),
(573, 11, '', '12:00:00', '', 'مناقشة مشروع قانون معدل لقانون البناء الوطني الاردني لسنة 2017.', '2018-03-21', 4, '', '2018-03-20 15:28:52', 30629, '2018-03-20 15:31:41', 30629, 2, 1),
(574, 13, '', '10:00:00', '', 'تلتقي اللجنة مع سعادة السفير المغربي لبحث سبل التعاون بين البلدين والحديث عن آخر التطورات في المنطقة.', '2018-03-21', 4, '', '2018-03-20 15:29:37', 30629, '0000-00-00 00:00:00', -1, 2, 1),
(575, 2, 'كتلة الحداثة والتنمية النيابية', '13:00:00', '', 'ستقوم الكتلة بزيارة الى دار الضيافة للمسنين - الجويدة بمناسبة عيد الام.<br />\r\n- الانطلاق من المجلس الساعة 12:00 ظهرا .<br />\r\n', '2018-03-21', 0, '******', '2018-03-21 09:37:29', 30629, '0000-00-00 00:00:00', -1, 2, 1),
(576, 31, '', '13:00:00', '', 'بحث موضوع العمولة التي تتقاضاها محطات المحروقات من المبيعات، واستكمال مناقشة مشروع قانون الكهرباء لسنة 2018.', '2018-03-25', 4, '', '2018-03-21 17:29:20', 30629, '2018-03-25 09:02:01', 30629, 2, 1),
(577, 46, '', '12:00:00', '', 'تلتقي اللجنة مع أعضاء اللامركزية والبلديات من محافظة المفرق.', '2018-03-25', 10, '', '2018-03-21 17:30:59', 30629, '2018-03-25 09:18:28', 30629, 2, 1),
(578, 17, '', '11:00:00', '', 'مناقشة الأمور المتعلقة بالمنتدى الاقتصادي بحضور اللجنة التوجيهية للمنتدى الاقتصادي.', '2018-03-25', 4, '', '2018-03-21 17:32:10', 30629, '2018-03-25 09:01:10', 30629, 2, 1),
(579, 39, '', '11:00:00', '', 'مناقشة موضوع العلاوة الفنية للأطباء البيطريين والمشكلات التي تواجه الأطباء البيطريين العاملين في القطاع العام.', '2018-03-25', 5, '', '2018-03-21 17:33:15', 30629, '2018-03-25 09:01:30', 30629, 2, 1),
(580, 41, '', '13:00:00', '', 'مناقشة مواضيع تتعلق باللجنة.', '2018-03-25', 9, '', '2018-03-25 09:02:45', 30629, '0000-00-00 00:00:00', -1, 2, 1),
(581, 2, 'جلسة', '14:30:00', '', 'مناقشة جدول أعمال الجلسة (26).', '2018-03-25', 0, 'القبة', '2018-03-25 09:03:24', 30629, '0000-00-00 00:00:00', -1, 2, 1),
(582, 2, 'كتلة الحداثة والتنمية النيابية', '13:00:00', '', 'ستقوم الكتلة بزيارة إلى مديرية الأمن العام والألتقاء بعطوفة مدير الأمن العام.<br />\r\n- ملاحظة: الانطلاق من المجلس الساعة 12:15 ظهراً.', '2018-03-26', 0, '******', '2018-03-25 10:55:14', 30629, '0000-00-00 00:00:00', -1, 2, 1),
(584, 2, 'لجنة الخدمات العامة والنقل ولجنة الحريات العامة وحقوق الانسان ولجنة المرأة وشؤون الاسرة', '11:00:00', '', 'مناقشة موضوع تعزيز مشاركة المرأة في البرلمان ومواقع صنع القرار.', '2018-03-26', 10, '', '2018-03-25 13:04:11', 30629, '2018-03-25 17:25:15', 30629, 2, 1),
(585, 46, '', '13:12:04', 'بعد الجلسة مباشرة', 'تلتقي اللجنة مع تجمع لجان المراة الوطني الأردني للاطلاع على المهام والأعمال التي يقوم بها التجمع في الأمور التي تهم المرأة.', '2018-03-27', 6, '', '2018-03-25 13:13:15', 30629, '2018-03-26 17:06:23', 30629, 2, 1),
(586, 2, 'جلسة', '10:30:00', '', 'استكمال مناقشة جدول أعمال الجلسة (26) بدءاً من السؤال رقم (4) بالاضافة إلى بند ما يستجد من أعمال.', '2018-03-27', 0, 'القبة', '2018-03-25 17:01:19', 30629, '2018-03-27 09:11:01', 30629, 2, 1),
(587, 10, '', '10:30:00', '', 'استكمالا مناقشة مشروع قانون وضع الأموال المنقولة تأمينا للدين لسنة 2014.', '2018-03-26', 4, '', '2018-03-25 17:24:16', 30629, '2018-03-25 17:49:11', 30629, 2, 1),
(588, 42, '', '12:00:00', '', 'مناقشة بعض الأمور المطروحة على اللجنة بحضور محافظي اربد وجرش وعجلون والمفرق ومدراء الشرطة فيها وقائد امن اقليم الشمال وقائد امن اقليم العقبة.', '2018-03-26', 5, '', '2018-03-25 17:24:58', 30629, '0000-00-00 00:00:00', -1, 2, 1),
(589, 2, 'اللجنة المشتركة ( القانونية، الاقتصاد والاستثمار)', '15:00:00', '', 'استكمالا لمناقشة مشروع قانون معدل لقانون الجمارك لسنة 2017<br />\r\n<br />\r\n', '2018-03-26', 4, '', '2018-03-25 17:26:10', 30629, '0000-00-00 00:00:00', -1, 2, 1),
(590, 2, 'لجنة فلسطين', '13:30:00', '', 'تلتقي اللجنة مع وفد من جامعة القدس / فلسطين.', '2018-03-26', 3, '', '2018-03-25 17:46:24', 30629, '2018-03-26 10:46:13', 30566, 2, 1),
(591, 10, '', '14:30:00', '', 'استكمال مناقشة مشروع قانون وضع الأموال المنقولة تأمينا للدين لسنة 2014.', '2018-03-27', 4, '', '2018-03-26 17:02:01', 30629, '2018-03-26 17:05:31', 30629, 2, 1),
(592, 16, '', '18:00:00', '', 'بدعوة من وزير الشباب ستلتقي لجنة الشباب والرياضة في مدينة الحسين للشباب (قاعة يا هلا) عمداء شؤون الطلبة في الجامعات الأردنية لعرض الاستراتيجية الوطنية للشباب.', '2018-03-27', 0, '******', '2018-03-26 17:04:23', 30629, '2018-03-26 23:42:31', 30629, 2, 1),
(593, 43, '', '23:36:02', 'بعد الجلسة مباشرة', 'تجتمع اللجنة بحضور معالي وزير الداخلية للحديث عن مطالب أبناء قطاع غزة المقيمين بالمملكة.', '2018-03-27', 3, '', '2018-03-26 23:37:47', 30629, '2018-03-26 23:38:35', 30629, 2, 1),
(594, 12, '', '23:40:01', 'بعد الجلسة مباشرة', 'تلتقي اللجنة مع عدد من طلاب الجامعة الألمانية الأردنية للحوار حول المؤسسات السياسية في الأردن.', '2018-03-27', 5, '', '2018-03-26 23:41:35', 30629, '0000-00-00 00:00:00', -1, 2, 1),
(595, 11, '', '12:00:00', '', 'بحث مجموعة من الشكاوي المعروضة على اللجنة .', '2018-03-28', 5, '', '2018-03-27 16:00:48', 30629, '2018-03-27 16:03:39', 30629, 2, 1),
(597, 10, '', '11:00:00', '', 'النظر في الملاحظات والمقترحات المقدمة من المركز الوطني لحقوق الانسان حول القانون المؤقت رقم (36)لسنة 2010 قانون الاحوال الشخصية .', '2018-03-28', 4, '', '2018-03-27 16:03:24', 30629, '0000-00-00 00:00:00', -1, 2, 1),
(598, 43, '', '11:30:00', '', 'تجتمع اللجنة بحضور معالي وزير الخارجية وشؤون المغتربين.', '2018-03-29', 4, '', '2018-03-28 15:45:38', 30629, '0000-00-00 00:00:00', -1, 2, 1),
(599, 2, 'جلسة', '16:04:02', '******', ' - الجلسة الأولى: الساعة 11:00 صباحاً  (جلسة مشتركة).<br />\n- الجلسة الثانية: بعد الجلسة المشتركة مباشرة لاستكمال مناقشة جدول أعمال الجلسة (25) والمتضمن مشروع قانون المسؤولية الطبية والصحية لسنة 2016 اعتباراً من المادة (13) المضافة.<br />\n', '2018-04-01', 0, 'القبة', '2018-03-28 16:04:09', 30629, '2018-03-28 16:43:29', 30629, 2, 1),
(600, 2, 'اللجنة المشتركة (اللجنة القانونية ولجنة الاقتصاد والاستثمار)', '20:15:01', 'بعد جلسة النواب مباشرة', 'استكمال مناقشة مشروع قانون معدل لقانون الجمارك لسنة 2017.<br />\r\n', '2018-04-01', 4, '', '2018-03-31 20:17:21', 30629, '0000-00-00 00:00:00', -1, 2, 1),
(601, 2, 'جلسة', '10:30:01', '', 'استكمال مناقشة جدول أعمال الجلسة (25) والمتضمن مشروع قانون المسؤولية الطبية والصحية لسنة 2016 اعتباراً من المادة (13) المضافة:<br />\n-  الجلسة الأولى: الساعة 10:30 صباحاً.<br /><br />\n-  الجلسة الثانية: الساعة 2:30 بعد الظهر .', '2018-04-03', 0, 'القبة', '2018-04-01 20:54:05', 30629, '2018-04-02 15:36:15', 30629, 2, 1),
(602, 2, 'كتلة الاصلاح النيابية', '11:00:00', '', 'تلتقي  الكتلة بمعالي وزير الداخلية.', '2018-04-02', 4, '', '2018-04-01 20:55:50', 30629, '0000-00-00 00:00:00', -1, 2, 1),
(603, 31, '', '15:32:01', 'بعد الجلسة الصباحية', 'بحث إمكانية استحداث برامج تدريب وتشغيل للمهندسين حديثي التخرج.', '2018-04-03', 4, '', '2018-04-02 15:32:50', 30629, '0000-00-00 00:00:00', -1, 2, 1),
(604, 14, '', '15:33:02', 'بعد الجلسة الصباحية', 'بحث آليات تحصيل الضريبة عن الخدمات التي تقدمها التطبيقات الذكية على الهواتف المحمولة وتفعيل الرقابة على هذه الخدمات.', '2018-04-03', 10, '', '2018-04-02 15:33:26', 30629, '2018-04-02 15:47:00', 30629, 2, 1),
(605, 46, '', '15:33:02', 'بعد الجلسة الصباحية', 'تلتقي اللجنة مع المنسق الحكومي لحقوق الانسان للاطلاع على مهامه واعماله والبرامج التشاركية مع لجنة المرأة وشؤون الاسرة في مجلس النواب.', '2018-04-03', 5, '', '2018-04-02 15:33:53', 30629, '2018-04-02 15:47:10', 30629, 2, 1),
(606, 43, '', '15:34:01', 'بعد الجلسة الصباحية', 'تجتمع اللجنة بحضور معالي وزير الأوقاف والشؤون والمقدسات الاسلامية لمناقشة مواضيع تتعلق بالقدس والمقدسات.', '2018-04-03', 3, '', '2018-04-02 15:34:40', 30629, '0000-00-00 00:00:00', -1, 2, 1),
(607, 2, 'اللجنة المشتركة ( القانونية، الاقتصاد والاستثمار)', '15:34:01', 'بعد الجلسة المسائية', 'استكمال مناقشة مشروع قانون معدل لقانون الجمارك لسنة 2017.', '2018-04-03', 4, '', '2018-04-02 15:35:26', 30629, '0000-00-00 00:00:00', -1, 2, 1),
(609, 2, 'كتلة المستقبل النيابية', '11:00:00', '', 'زيارة إلى إدارة مكافحة المخدرات.<br />\r\n-	ملاحظة: التحرك من امام المجلس الساعة 10:15 صباحاً.', '2018-04-04', 0, '*******', '2018-04-03 11:29:02', 30629, '0000-00-00 00:00:00', -1, 2, 1),
(610, 15, '', '12:00:00', '', 'زيارة إلى مصنع الخميرة واكوام الفوسفات في الرصيفة.<br />\r\n-	ملاحظة: التحرك من امام المجلس الساعة 11:30 صباحاً.', '2018-04-04', 0, '*******', '2018-04-03 11:29:42', 30629, '0000-00-00 00:00:00', -1, 2, 1),
(612, 2, 'لجنة المرأة ولجنة الطاقة', '12:00:00', '', 'تلتقي اللجنة مع (حملة حسابك خليه عليها) لبحث موضوع زيادة نقاط الشحن باستخدام الطاقة المتجددة.', '2018-04-04', 5, '', '2018-04-03 11:31:33', 30629, '0000-00-00 00:00:00', -1, 2, 1),
(613, 2, 'لجنة العمل ولجنة الاقتصاد ولجنة الطاقة', '13:00:00', '', 'مناقشة موضوع شركة مصفاة البترول الأردنية وموضوع الشركة اللوجستية.', '2018-04-04', 4, '', '2018-04-03 11:32:32', 30629, '0000-00-00 00:00:00', -1, 2, 1),
(614, 2, 'اللجنة المشتركة ( القانونية، الاقتصاد والاستثمار)', '15:00:00', '', 'استكمال مناقشة مشروع قانون معدل لقانون الجمارك لسنة 2017', '2018-04-04', 4, '', '2018-04-04 08:45:29', 30629, '0000-00-00 00:00:00', -1, 2, 1);

-- --------------------------------------------------------

--
-- Table structure for table `halls`
--

CREATE TABLE `halls` (
  `hall_id` int(11) NOT NULL,
  `hall_name` varchar(100) NOT NULL
) ENGINE=InnoDB DEFAULT CHARSET=utf8;

--
-- Dumping data for table `halls`
--

INSERT INTO `halls` (`hall_id`, `hall_name`) VALUES
(0, ''),
(3, 'قاعة عبدالله الشريدة الطابق الاول'),
(4, 'قاعة مصطفى خليفة الطابق الثاني'),
(5, 'قاعة عبدالقادر التل الطابق الاول'),
(6, 'قاعة كامل عريقات الطابق الاول'),
(7, 'قاعة المكتب الدائم الطابق الثاني'),
(8, 'قاعة عاكف الفايز الطابق الاول'),
(9, 'قاعة التشريفات الطابق الثاني'),
(10, 'قاعة عبدالحليم النمر الطابق الاول');

-- --------------------------------------------------------

--
-- Table structure for table `pages`
--

CREATE TABLE `pages` (
  `page_id` int(11) NOT NULL,
  `page_url` varchar(100) NOT NULL
) ENGINE=InnoDB DEFAULT CHARSET=utf8;

--
-- Dumping data for table `pages`
--

INSERT INTO `pages` (`page_id`, `page_url`) VALUES
(1, 'background_add.php'),
(2, 'background_edit.php'),
(3, 'backgrounds.php'),
(4, 'committees.php'),
(6, 'events_edit_page.php');

-- --------------------------------------------------------

--
-- Table structure for table `permissions`
--

CREATE TABLE `permissions` (
  `permission_id` int(11) NOT NULL,
  `user_id` int(11) NOT NULL,
  `page_id` int(11) NOT NULL
) ENGINE=InnoDB DEFAULT CHARSET=utf8;

--
-- Dumping data for table `permissions`
--

INSERT INTO `permissions` (`permission_id`, `user_id`, `page_id`) VALUES
(1, 0, 1),
(2, 0, 2),
(3, 0, 3);

-- --------------------------------------------------------

--
-- Table structure for table `sessions`
--

CREATE TABLE `sessions` (
  `id` int(11) NOT NULL,
  `session_text` text NOT NULL,
  `session_date` date NOT NULL,
  `session_time` time NOT NULL,
  `session_started` int(11) NOT NULL DEFAULT '2',
  `session_terminated` int(11) NOT NULL DEFAULT '2',
  `session_terminated_text` text NOT NULL,
  `session_insertion_date` datetime NOT NULL DEFAULT CURRENT_TIMESTAMP,
  `session_insertion_user_id` int(11) NOT NULL,
  `session_edit_date` datetime NOT NULL,
  `session_edit_user_id` int(11) NOT NULL,
  `session_status` int(11) NOT NULL DEFAULT '0'
) ENGINE=InnoDB DEFAULT CHARSET=utf8;

--
-- Dumping data for table `sessions`
--

INSERT INTO `sessions` (`id`, `session_text`, `session_date`, `session_time`, `session_started`, `session_terminated`, `session_terminated_text`, `session_insertion_date`, `session_insertion_user_id`, `session_edit_date`, `session_edit_user_id`, `session_status`) VALUES
(12, '555                                ', '2017-07-12', '10:30:00', 0, 0, '', '2017-07-13 13:04:04', 22, '2017-07-13 12:59:55', 22, 0),
(13, 'اخر تعديل 2:00                ', '2017-07-13', '10:31:00', 0, 0, '', '2017-07-13 13:46:46', 22, '2017-07-17 08:12:35', 22, 0),
(14, 'المهندس عاطف الطراونة رئيس مجلس النواب يدعو المجلس للاجتماع لمناقشة جدول اعمال الجلسة الثالثة واستكمال ملحق جدول اعمال الجلسة الثانية والمتضمن مشروع قانون معدل لقانون استملاك الاراضي لسنة 2017 , والبدء بجدول اعمال الثالثة اعتبارا من قانون اشهار الذمة , المادة 56 , وزيارة ضريح المغفور له الملك طلال بعد الجلسة .                                                                                                                                                                                                                                                                                                                                                                                                                                                                                                                                                                                ', '2017-07-17', '16:30:00', 0, 0, 'الغيتها حر انا عاطف واعمل اي شي حابه', '2017-07-17 08:56:27', 22, '2017-07-17 11:19:54', 22, 1),
(15, 'قرر سعادة المهندس عاطف الطراونة دعوة للاختبار لمناقشة جدول اعمال الجلسة الثالثة عشر وذلك في تمام الساعة الثانية عشر قرر سعادة المهندس عاطف الطراونة دعوة للاختبار لمناقشة جدول اعمال الجلسة الثالثة عشر وذلك في تمام الساعة الثانية عشر                                                                                                                                                                                                                ', '2017-08-09', '12:30:00', 0, 0, '', '2017-07-26 10:44:04', 22, '2017-08-02 12:40:18', 22, 1),
(16, 'قرر سعادة المهندس عاطف الطراونة دعوة المجلس للاجتماع                                ', '2017-09-06', '10:00:00', 1, 0, '', '2017-09-06 10:07:30', 22, '2017-09-06 10:09:07', 22, 1);

-- --------------------------------------------------------

--
-- Table structure for table `table_live_design`
--

CREATE TABLE `table_live_design` (
  `table_live_design_id` int(11) NOT NULL,
  `table_live_design_font_size` int(11) NOT NULL,
  `table_live_design_event_entity_column_width` int(11) NOT NULL,
  `table_live_design_event_time_column_width` int(11) NOT NULL,
  `table_live_design_event_place_column_width` int(11) NOT NULL,
  `table_live_design_event_subject_column_width` int(11) NOT NULL,
  `table_live_design_status` int(11) NOT NULL DEFAULT '0'
) ENGINE=InnoDB DEFAULT CHARSET=utf8;

--
-- Dumping data for table `table_live_design`
--

INSERT INTO `table_live_design` (`table_live_design_id`, `table_live_design_font_size`, `table_live_design_event_entity_column_width`, `table_live_design_event_time_column_width`, `table_live_design_event_place_column_width`, `table_live_design_event_subject_column_width`, `table_live_design_status`) VALUES
(22, 35, 3, 2, 2, 11, 1);

-- --------------------------------------------------------

--
-- Table structure for table `urgents`
--

CREATE TABLE `urgents` (
  `urgent_id` int(11) NOT NULL,
  `urgent_text` text NOT NULL,
  `directorate_id` int(11) NOT NULL,
  `urgent_date_start` date NOT NULL,
  `urgent_date_end` date DEFAULT NULL,
  `urgent_time_end` time NOT NULL,
  `user_id_insert` int(11) NOT NULL,
  `urgent_insertion_date` datetime NOT NULL DEFAULT CURRENT_TIMESTAMP,
  `user_id_edit` int(11) NOT NULL,
  `urgent_edit_date` datetime NOT NULL,
  `urgent_status` int(11) NOT NULL DEFAULT '0'
) ENGINE=InnoDB DEFAULT CHARSET=utf8;

--
-- Dumping data for table `urgents`
--

INSERT INTO `urgents` (`urgent_id`, `urgent_text`, `directorate_id`, `urgent_date_start`, `urgent_date_end`, `urgent_time_end`, `user_id_insert`, `urgent_insertion_date`, `user_id_edit`, `urgent_edit_date`, `urgent_status`) VALUES
(1, 'اختبار الشاشة اختبار الشاشة اختبار الشاشة ', 3, '2017-10-02', '2017-10-02', '14:50:00', 31, '2017-10-02 14:41:35', 31, '2017-10-02 02:50:00', 1);

-- --------------------------------------------------------

--
-- Table structure for table `users`
--

CREATE TABLE `users` (
  `user_id` int(11) NOT NULL,
  `password` varchar(100) NOT NULL DEFAULT '40bd001563085fc35165329ea1ff5c5ecbdbbeef',
  `user_type` int(11) NOT NULL DEFAULT '2' COMMENT 'this field 0 for the superadmin, 1 for the admin, 2 for the regular user',
  `name` varchar(50) NOT NULL,
  `directorate` int(11) DEFAULT '0' COMMENT 'nothing: 0, general secretary office: 1, legislative affairs: 2, general relations: 3, blocs: 4',
  `department` int(11) DEFAULT '0' COMMENT 'nothing: 0, committies:1, sessions:2'
) ENGINE=InnoDB DEFAULT CHARSET=utf8;

--
-- Dumping data for table `users`
--

INSERT INTO `users` (`user_id`, `password`, `user_type`, `name`, `directorate`, `department`) VALUES
(0, 'a79dbae98810e4789142f2678095c76191868e7c', 0, 'superadmin', 0, 0),
(1, '356a192b7913b04c54574d18c28d46e6395428ab', 2, 'منصور', 1, 0),
(2, 'a1290948a8a0aec144e60de3f65c05f275685d7f', 1, 'عواد الغويري', 2, 0),
(3, '356a192b7913b04c54574d18c28d46e6395428ab', 1, 'هيثم', 3, 0),
(4, '356a192b7913b04c54574d18c28d46e6395428ab', 1, 'اسامة', 4, 0),
(31, '356a192b7913b04c54574d18c28d46e6395428ab', 2, 'علي', 3, 0),
(32, '356a192b7913b04c54574d18c28d46e6395428ab', 2, 'سليمان', 3, 0),
(41, '356a192b7913b04c54574d18c28d46e6395428ab', 2, 'نادر', 4, 0),
(351, '17ba0791499db908433b80f37c5fbc89b870084b', 2, 'فلان 1', 3, 0),
(30563, '15afd7262ebd18f6f7c1401f13249c2afd747402', 2, 'عبدالعزيز السرور', 2, 1),
(30566, '45005e5be35a4051ed56c72d03679e256508009f', 2, 'عبدالله', 2, 1),
(30629, '356a192b7913b04c54574d18c28d46e6395428ab', 2, 'محمد أبو جودة', 2, 1);

-- --------------------------------------------------------

--
-- Table structure for table `user_committee`
--

CREATE TABLE `user_committee` (
  `user_committee_id` int(11) NOT NULL,
  `user_id` int(11) NOT NULL,
  `committee_id` int(11) NOT NULL
) ENGINE=InnoDB DEFAULT CHARSET=utf8;

--
-- Dumping data for table `user_committee`
--

INSERT INTO `user_committee` (`user_committee_id`, `user_id`, `committee_id`) VALUES
(281, 11111111, 12),
(308, 12345, 12),
(341, 7, 7),
(388, 22, 9),
(389, 22, 10),
(390, 22, 11),
(391, 22, 12),
(392, 22, 13),
(393, 22, 14),
(394, 22, 15),
(395, 22, 16),
(396, 22, 17),
(397, 22, 19),
(398, 22, 31),
(399, 22, 38),
(400, 22, 39),
(401, 22, 40),
(402, 22, 41),
(403, 22, 42),
(404, 22, 43),
(405, 22, 44),
(406, 22, 45),
(407, 22, 46),
(408, 25, 9),
(409, 25, 10),
(410, 25, 11),
(411, 25, 12),
(412, 25, 13),
(413, 25, 14),
(414, 25, 15),
(415, 25, 16),
(416, 25, 17),
(417, 25, 19),
(418, 25, 31),
(419, 25, 38),
(420, 25, 39),
(421, 25, 40),
(422, 25, 41),
(423, 25, 42),
(424, 25, 43),
(425, 25, 44),
(426, 25, 45),
(427, 25, 46),
(553, 30566, 16),
(554, 30566, 17),
(555, 30566, 44),
(556, 30563, 9),
(557, 30563, 10),
(558, 30563, 11),
(559, 30563, 12),
(560, 30563, 13),
(561, 30563, 14),
(562, 30563, 15),
(563, 30563, 16),
(564, 30563, 17),
(565, 30563, 19),
(566, 30563, 31),
(567, 30563, 38),
(568, 30563, 39),
(569, 30563, 40),
(570, 30563, 41),
(571, 30563, 42),
(572, 30563, 43),
(573, 30563, 44),
(574, 30563, 45),
(575, 30563, 46),
(576, 30563, 47),
(577, 30629, 9),
(578, 30629, 10),
(579, 30629, 11),
(580, 30629, 12),
(581, 30629, 13),
(582, 30629, 14),
(583, 30629, 15),
(584, 30629, 16),
(585, 30629, 17),
(586, 30629, 19),
(587, 30629, 31),
(588, 30629, 38),
(589, 30629, 39),
(590, 30629, 40),
(591, 30629, 41),
(592, 30629, 42),
(593, 30629, 43),
(594, 30629, 44),
(595, 30629, 45),
(596, 30629, 46),
(597, 30629, 47);

--
-- Indexes for dumped tables
--

--
-- Indexes for table `backgrounds`
--
ALTER TABLE `backgrounds`
  ADD PRIMARY KEY (`background_id`);

--
-- Indexes for table `committees`
--
ALTER TABLE `committees`
  ADD PRIMARY KEY (`committee_id`);

--
-- Indexes for table `events`
--
ALTER TABLE `events`
  ADD PRIMARY KEY (`id`);

--
-- Indexes for table `halls`
--
ALTER TABLE `halls`
  ADD PRIMARY KEY (`hall_id`);

--
-- Indexes for table `pages`
--
ALTER TABLE `pages`
  ADD PRIMARY KEY (`page_id`);

--
-- Indexes for table `permissions`
--
ALTER TABLE `permissions`
  ADD PRIMARY KEY (`permission_id`);

--
-- Indexes for table `sessions`
--
ALTER TABLE `sessions`
  ADD PRIMARY KEY (`id`);

--
-- Indexes for table `table_live_design`
--
ALTER TABLE `table_live_design`
  ADD PRIMARY KEY (`table_live_design_id`);

--
-- Indexes for table `urgents`
--
ALTER TABLE `urgents`
  ADD PRIMARY KEY (`urgent_id`);

--
-- Indexes for table `users`
--
ALTER TABLE `users`
  ADD PRIMARY KEY (`user_id`);

--
-- Indexes for table `user_committee`
--
ALTER TABLE `user_committee`
  ADD PRIMARY KEY (`user_committee_id`);

--
-- AUTO_INCREMENT for dumped tables
--

--
-- AUTO_INCREMENT for table `backgrounds`
--
ALTER TABLE `backgrounds`
  MODIFY `background_id` int(11) NOT NULL AUTO_INCREMENT, AUTO_INCREMENT=528;

--
-- AUTO_INCREMENT for table `committees`
--
ALTER TABLE `committees`
  MODIFY `committee_id` int(11) NOT NULL AUTO_INCREMENT, AUTO_INCREMENT=48;

--
-- AUTO_INCREMENT for table `events`
--
ALTER TABLE `events`
  MODIFY `id` int(11) NOT NULL AUTO_INCREMENT, AUTO_INCREMENT=615;

--
-- AUTO_INCREMENT for table `halls`
--
ALTER TABLE `halls`
  MODIFY `hall_id` int(11) NOT NULL AUTO_INCREMENT, AUTO_INCREMENT=11;

--
-- AUTO_INCREMENT for table `pages`
--
ALTER TABLE `pages`
  MODIFY `page_id` int(11) NOT NULL AUTO_INCREMENT, AUTO_INCREMENT=7;

--
-- AUTO_INCREMENT for table `permissions`
--
ALTER TABLE `permissions`
  MODIFY `permission_id` int(11) NOT NULL AUTO_INCREMENT, AUTO_INCREMENT=4;

--
-- AUTO_INCREMENT for table `sessions`
--
ALTER TABLE `sessions`
  MODIFY `id` int(11) NOT NULL AUTO_INCREMENT, AUTO_INCREMENT=17;

--
-- AUTO_INCREMENT for table `table_live_design`
--
ALTER TABLE `table_live_design`
  MODIFY `table_live_design_id` int(11) NOT NULL AUTO_INCREMENT, AUTO_INCREMENT=23;

--
-- AUTO_INCREMENT for table `urgents`
--
ALTER TABLE `urgents`
  MODIFY `urgent_id` int(11) NOT NULL AUTO_INCREMENT, AUTO_INCREMENT=2;

--
-- AUTO_INCREMENT for table `users`
--
ALTER TABLE `users`
  MODIFY `user_id` int(11) NOT NULL AUTO_INCREMENT, AUTO_INCREMENT=30630;

--
-- AUTO_INCREMENT for table `user_committee`
--
ALTER TABLE `user_committee`
  MODIFY `user_committee_id` int(11) NOT NULL AUTO_INCREMENT, AUTO_INCREMENT=598;
COMMIT;

/*!40101 SET CHARACTER_SET_CLIENT=@OLD_CHARACTER_SET_CLIENT */;
/*!40101 SET CHARACTER_SET_RESULTS=@OLD_CHARACTER_SET_RESULTS */;
/*!40101 SET COLLATION_CONNECTION=@OLD_COLLATION_CONNECTION */;
