-- phpMyAdmin SQL Dump
-- version 4.8.3
-- https://www.phpmyadmin.net/
--
-- Host: 127.0.0.1
-- Generation Time: Sep 30, 2019 at 09:57 AM
-- Server version: 10.1.36-MariaDB
-- PHP Version: 7.2.10

SET SQL_MODE = "NO_AUTO_VALUE_ON_ZERO";
SET AUTOCOMMIT = 0;
START TRANSACTION;
SET time_zone = "+00:00";


/*!40101 SET @OLD_CHARACTER_SET_CLIENT=@@CHARACTER_SET_CLIENT */;
/*!40101 SET @OLD_CHARACTER_SET_RESULTS=@@CHARACTER_SET_RESULTS */;
/*!40101 SET @OLD_COLLATION_CONNECTION=@@COLLATION_CONNECTION */;
/*!40101 SET NAMES utf8mb4 */;

--
-- Database: `eventsdev`
--

-- --------------------------------------------------------

--
-- Table structure for table `backgrounds`
--

CREATE TABLE `backgrounds` (
  `background_id` int(11) NOT NULL,
  `background_path` varchar(150) NOT NULL,
  `background_status` int(11) NOT NULL DEFAULT '0'
) ENGINE=InnoDB DEFAULT CHARSET=utf8;

--
-- Dumping data for table `backgrounds`
--

INSERT INTO `backgrounds` (`background_id`, `background_path`, `background_status`) VALUES
(506, '../imgs/backgrounds/background.png', 0),
(514, '../imgs/backgrounds/background_black.png', 0),
(524, '../imgs/backgrounds/events.jpg', 0),
(527, '../imgs/backgrounds/الشاشة.png', 1);

-- --------------------------------------------------------

--
-- Table structure for table `committees`
--

CREATE TABLE `committees` (
  `committee_id` int(11) NOT NULL,
  `committee_name` varchar(100) NOT NULL,
  `event_entity_category_id` int(11) NOT NULL COMMENT 'this column to add event_entity_category_id so that the system can know to which category the event belongs',
  `committee_rank` int(11) NOT NULL DEFAULT '1' COMMENT 'this row to give committees rank as the one in the internal JHR rules of procedure, and i made the default value as 1 coz most of the event entities dosen''t need a rank',
  `directorate_id` int(11) NOT NULL DEFAULT '2' COMMENT 'i''ve made the default value for the directorate_id as 2 coz all the users are from this directorate so i''ll not need to change it using the code'
) ENGINE=InnoDB DEFAULT CHARSET=utf8 COMMENT='this table to store event entities, but it called committees coz i started the project with it, but i''ll try to change it in the future to event_entities';

--
-- Dumping data for table `committees`
--

INSERT INTO `committees` (`committee_id`, `committee_name`, `event_entity_category_id`, `committee_rank`, `directorate_id`) VALUES
(2, '', 0, 500, 2),
(3, '', 0, 500, 3),
(4, '', 0, 500, 4),
(9, 'لجنة العمل والتنمية الاجتماعية والسكان', 1, 11, 2),
(10, 'اللجنة القانونية', 1, 1, 2),
(11, 'لجنة الخدمات العامة والنقل', 1, 13, 2),
(12, 'لجنة التربية والتعليم والثقافة', 1, 6, 2),
(13, 'لجنة الشؤون الخارجية', 1, 4, 2),
(14, 'لجنة النزاهة والشفافية وتقصي الحقائق', 1, 19, 2),
(15, 'لجنة الصحة والبيئة', 1, 9, 2),
(16, 'لجنة الشباب والرياضة', 1, 7, 2),
(17, 'لجنة الاقتصاد والاستثمار', 1, 3, 2),
(19, 'لجنة السياحة والاثار', 1, 14, 2),
(20, 'لجنة الاخوة الاردنية السعودية', 3, 1, 3),
(21, 'لجنة الاخوة الاردنية الجزائرية', 3, 1, 3),
(22, 'لجنة الاخوة الاردنية القطرية', 3, 1, 3),
(23, 'لجنة الاخوة البرلمانية الاردنية اللبنانية', 3, 1, 3),
(24, 'كتلة الوفاء والعهد', 2, 1, 4),
(28, 'كتلة التجديد', 2, 1, 4),
(31, 'لجنة الطاقة والثروة المعدنية', 1, 12, 2),
(38, 'اللجنة المالية', 1, 2, 2),
(39, 'اللجنة الادارية', 1, 5, 2),
(40, 'لجنة التوجيه الوطني والاعلام', 1, 8, 2),
(41, 'لجنة الزراعة والمياه', 1, 10, 2),
(42, 'لجنة الحريات العامة وحقوق الانسان', 1, 15, 2),
(43, 'لجنة فلسطين', 1, 16, 2),
(44, 'لجنة الريف والبادية', 1, 17, 2),
(45, 'لجنة النظام والسلوك', 1, 18, 2),
(46, 'لجنة المرأة وشؤون الأسرة', 1, 20, 2),
(47, 'كتلة العدالة', 2, 1, 2),
(49, 'لجنة الاخوة الاردنية الاماراتية', 3, 1, 2),
(50, 'لجنة الاخوة الاردنية المصرية', 3, 1, 2),
(51, 'لجنة الصداقة الاردنية التركية', 4, 1, 2),
(52, 'لجنة الصداقة الاردنية السويدية', 4, 1, 2),
(53, 'لجنة الصداقة الاردنية الامريكية', 4, 1, 2),
(54, 'المكتب الدائم', 5, 1, 2),
(55, 'المكتب التنفيذي', 6, 1, 2),
(56, 'جمعية الصداقة البرلمانية الاردنية - الالمانية', 4, 1, 2),
(57, 'جمعية الصداقة البرلمانية الاردنية -البريطانية', 4, 1, 2),
(58, 'جمعية الصداقة البرلمانية الاردنية - البوسنية', 4, 1, 2);

-- --------------------------------------------------------

--
-- Table structure for table `device_token`
--

CREATE TABLE `device_token` (
  `device_token_id` int(11) NOT NULL,
  `device_token` varchar(200) NOT NULL,
  `device_identifier` varchar(50) NOT NULL,
  `device_name` varchar(50) NOT NULL,
  `device_model` varchar(50) NOT NULL,
  `device_isPhysical` varchar(50) NOT NULL,
  `dateTime` timestamp NOT NULL DEFAULT CURRENT_TIMESTAMP
) ENGINE=InnoDB DEFAULT CHARSET=utf8;

--
-- Dumping data for table `device_token`
--

INSERT INTO `device_token` (`device_token_id`, `device_token`, `device_identifier`, `device_name`, `device_model`, `device_isPhysical`, `dateTime`) VALUES
(584, 'dikuyfNwwLg:APA91bGgXx_wE0-KSFu2S9j8D-HM0i6bT3Sz2eCu9-TJLP2_ZS5YnYNv-SzESdv8Z2n9ubvSmXjZ0Hi0wCbpaSv0SC_oluynIZcWK_7ge5sDui7LXZJ7e9MhsA0c-N0Zi2TYehDvTfnT', '18d13abfd46e6006', 'lavender', 'Redmi Note 7', 'true', '2019-09-30 07:47:38'),
(586, 'cRZ7I_k3_3k:APA91bH30U3r4DUfKLDodsuTe1Ar0RX4mvHK4CYsWimyvuPo7zbDdONju3ob0tDvI_tUVKIJfdHgUA4LtGwnsMfvn7HCGSj4skz9QzgYUaPc514lkam_rvbNCp73RMc0B62G6S7s6bpe', '5955b07031fc368b', 'blueline', 'Pixel 3', 'true', '2019-09-05 08:32:22'),
(587, 'c_bwOB2mdpo:APA91bGuwsqPDkEsBzOdyV-BL5EfsJPiORrjTRSKOV-k8ppzlnGyMt1K_I-kFZBbIXX3UuIA_inArdbpUY6q7iUE87aB5Fh4UsJJMbTHHFgIbsrNOdcDqvhqYyw2dThS4U3Q1aClueVZ', '380b42e7576687a0', 'HWMHA', 'MHA-L29', 'true', '2019-09-26 09:30:08'),
(589, 'ehrz5Q6qn4Q:APA91bFsosD-Z2oFxn5jtMXsJlz-HS8vKkeOpyiXhdS7qWaxRYOd8Laa1Nk8ekA9ac6DRX68RETnXaVTzmEVM6nq00HCU4VOVJ7qnFvet8NVB2fWvJUME8LcHbMFz_cmD8aeIusx3SXV', '34c63bc20c9c15b2', 'G8441', 'G8441', 'true', '2019-09-26 09:30:16'),
(590, 'ezIwG4agZ5I:APA91bH5vkN4145Q6qIl3lolJgSrPf3Ds8jE_5edjNsspA-antZWZ2iJgDi7Nj9lXgoECSGNJzOp7MmzOaB4WtDPai5sPOYGzXglrN6k9oP6x_WHhNTh5LyoId0ngmNcWkNsVO51MQ6T', '811e8ce8e7e3e2b3', 'walleye', 'Pixel 2', 'true', '2019-09-05 08:32:43'),
(593, 'duOS_7Jmnbs:APA91bFUGeCuncca-_gHXtbYBXWTqJZ3t91f1jDlEqOI5YTS9c_D2Zd4z4S0R7hZH-wA8mkybgk-afkiZd01tZHev28m7XxhiP0Fq4Ldk5R21D_ztO5o2yWIds87FBlkvhNF8Q8DswIC', '92ba31861c45febc', 'harpia', 'Moto G Play', 'true', '2019-09-26 09:30:46'),
(594, 'fnZlxJMFJxk:APA91bEcm-8iIoF733gKWAF6X3X_eMzxAQ-mONn4kyt6HeE_Stkj0wOz2I07LOzNSqF_ADVZVwVLw5CQpHhHF1P4a_Umt890zCptcBC5n5F0yOSXtjNAfIjBBswyJx1akVfIbatR9dLT', '41b2ab47f20c0028', 'griffin', 'XT1650', 'true', '2019-09-26 09:30:09'),
(595, 'dAbfJLKqox8:APA91bEG0uBAWrNpY2x7fzyOIGOVxZRxcutOAzPlZaBUT_yi4id41D5C9q8XvKGuD14WSrEfznvH4N0y_s0QFVj-tBV62GGiaAJ9IBRlC5GMy7_K_xG4jmMT1kqADXBraAmsH4w2qg5F', '0c28114197a342ad', 'FRT', 'Nokia 1', 'true', '2019-09-26 09:31:04'),
(597, 'dre9YACr08Y:APA91bHP-wI1Rj0TzP1VsL2ljAcA7pl7eZTzvxFw0waTMM6ijGU4g37cqZwlVlGLKKWJdJbLZQ_2hR4CGcR7BgEITeKUzYvIo6twALjyzBDz6CJoZfaWzg06jJYHFk5GOv7pffl97EJU', '4366461f92513537', 'm0', 'GT-I9300', 'true', '2019-09-26 09:31:54'),
(602, 'cre67O6Gv3c:APA91bG78ikKTBGlhwvKbhW6ULn-80BQ8Vv3Zc1d_y-F_cd53Witj8vZCST7j9RlT7J4wSQYzylHVVfJgJLSK7hyt3heNo9F0fX440S9YHNMVyDYO06PIJfNsgArwnGPGa0LUa-xGhTW', 'a03d749a6a207ab1', 'HWJKM-H', 'JKM-LX1', 'true', '2019-09-19 11:04:10'),
(603, 'cWM7HCOG3js:APA91bGVpAqaMgLo8fMNhBugRYqqBJZPVhTNRqIXNg69ZK2wIcjp2HB4j5HNgoPfnCuwiYMJdP2DMPyAoIIcDoYbSNWQxrIEKWsw3leRFsKzZJ8Iv8ajEHmcwEDfaZkCBlcEsohzb1Zd', '7E124796-D8B2-4F34-B887-9DE7DF7AFD3B', 'iPad', 'iPad', 'true', '2019-09-17 09:35:15'),
(604, 'cjA4n-wH9Ms:APA91bFJkcU2dD591ZQhsm31-2z6gxPhRzSUxr7nTjdXgEfPikGE2Ki2UvmAvjdktC6Z1sClkL050QxhGyuKA2Rxy-HRlRsLNdWaj8g-Z0qJa-WzFadMQyPge0FAVKJ_z-7m7-jkMG_i', '41840C1F-D189-4426-A0C4-6222D1BD9D37', ' AR iPhone XR ', 'iPhone', 'true', '2019-09-18 22:30:16'),
(606, 'd3fuaJ57MWA:APA91bGWvQv7NUdSfeTC0DuSpVm22HDBS4xvSE0DpmYJAQVlMir7ppZziCQ8NVVhqclwrQ2pCKWRPBOrQAJBo8XVOfd0cP4zo_sWGK7FYw1qZ-_0WME_UGYCN5WzclbIYGRLmMAUwUaW', '10F26CCE-C57D-49D0-9DC6-7F7701DDCF70', 'Ammar.Awamleh', 'iPhone', 'true', '2019-09-29 03:57:00'),
(607, 'dbay5xuqLBA:APA91bFBc30h37b6pjd26ANmhLDR4IXbHp-qqgvVsUv88c9BAOYjyUQ-g1d84X9WAPribi9yudFcZj44LePHhXPnx1Nw0t7Tgfk2JbXqRNTrLdqBMAYNU4fMuEvImcKh09i_w4hwqhFO', '6EB37A45-079D-4914-B173-D20FF870343E', 'iPhone SE', 'iPhone', 'true', '2019-09-25 19:51:18'),
(610, 'dnwM-Bok-a0:APA91bFlrnJNBnFc0uf-juudbVouqjFN5Pe7X0MGOXAkVGUn3cklP7i33Ti0CltwH1P2mCMmK65loehJsSV8nWtTyi2tka_9cyJJcyp-VBapBiZ8qTyXE1qx3CwhRsBlTzotnWUKWX2a', '233295bf9f52562f', 'CPH1819', 'CPH1819', 'true', '2019-09-26 10:27:51'),
(611, 'fvzr83241WA:APA91bEg4XqLtnHnS3QJ_zb2SoerwECgziAQnD6P7h9xS-iSgJlIufTPyApx2W1l63ODWrRR2PFcCrjpGsiqO1TCm2KzPFptsKwr--UAL3V6655RKFcWYlF8dSHHBDNnsqc1TkhEHO8E', 'da1eacad1374f44e', 'walleye', 'Pixel 2', 'true', '2019-09-26 09:30:12'),
(612, 'fvbv2mJCqkY:APA91bGf1tSKk5OkaqTkjB0sdpsb4vANY-x5_bydGZJNrm0-QCETHvEnlE05VLbXerdDg3T9-ToREfFM-y9MfwCFu0EkOXxhoyZM1NfNDLXF9M7N363T7yA5H1vuhGQ4T4X-s6vfo-W4', 'c57c753487db7965', 'walleye', 'Pixel 2', 'true', '2019-09-26 09:30:04'),
(613, 'cTnv1ZO_PhU:APA91bGQpZejyAZ-ziASR0Cm8gZvffDetCV98FvxJ_gfDXqMF25CQl7LZEVfFbmhnpLwe67eBP11tyd-4Qhs0LuACtU0BaO36dAlZ74SuLhL4tCF3KRzh6xP11DWP6OcGYlwoe9LNlgz', 'e56c1bf3be9297aa', 'sailfish', 'Pixel', 'true', '2019-09-26 09:31:46'),
(614, 'null', 'd6b5f96a8e3f7880', 'starqlteue', 'SM-G960U1', 'true', '2019-09-24 12:33:28'),
(615, 'null', 'e334121d486a1492', 'starqlteue', 'SM-G960U1', 'true', '2019-09-24 12:33:32'),
(616, 'dqkOPq6Xrf8:APA91bEcVj16NSZxPnF25fKWXGaZF_ewnatgv0_xRhDvsGHjpHnplLv1CcQyr2ZKuowX206rSeWQjopFsc--MahOsmvhE7OcTOwvqzWWPir20_G_nJd09G6rP2qG_TuIStEge3hFtA2V', 'cefaed1cd06b840d', 'blueline', 'Pixel 3', 'true', '2019-09-26 09:30:55'),
(617, 'null', 'fc8d0bd37a9a04e', 'lv0', 'LG-AS110', 'true', '2019-09-26 09:33:36'),
(618, 'c2qgDHk7Hpw:APA91bGOTKuC6cZg7k-W1jGibBcKyUGTbfwsGaLtlaabJxWriEMBhoywcfUuJlk1dnnu5LR0g2RuSulaHkcJTUHVU5fDJpbf5yp2qW4Z0fGFlGsjYXHmSawG7Wjdq4pqSZ8woy5X6vTy', 'dcde25d554b1b746', 'calypso', 'WindsongAOB', 'false', '2019-09-24 12:36:53'),
(619, 'cLgLP6Z2m34:APA91bEdL7blSiyjb6tKpnXOJPgzMpq8GEtXKDgMpzZepcFobii-gClwAi3jpYgeaL5Rm31zarDZ0ifP4fgkAZUru_H3rqwoBNkYGPZWzOc89d-pOCIrIzMPYisXBXffRLdHZTaXUHo8', '27A09FA4-6479-4202-9EBF-8119AD189E03', 'IT', 'iPad', 'true', '2019-09-25 10:58:53'),
(620, 'e3iLtAGPRew:APA91bHjyI1eVv4OHwDsgoHojlv0ApJ0mO8CcXHm9DTrt8GcWH0tjU_SOr-r2lY7PYNJ9H3jK84vhlkljqUPzmWO4_YP0SPD_yf19hm0XkArrNNpvEnj-Hc8lkjFDll39iZd4dj6XeGi', '3AC8B3F4-3F2B-4C69-8E3F-E05962D97C50', 'iPhone', 'iPhone', 'true', '2019-09-25 11:22:42'),
(621, 'e5PtbwyyU4Y:APA91bE_gDW3HK2Se0mUbb_qjfDCrE61-JAUTdHtuJzQRqXETjFnJiNh0QJ5M1l0sHE_GxeLZxNlemurFRzHjMwfD-isZ6pWJxHOGSrC7SnivW1sFQP5upzm5BzCiGD2PFXoENb7h7AL', '32F8690C-D4FF-456E-8ACF-4D21EA344769', 'IT', 'iPad', 'true', '2019-09-25 11:47:33'),
(622, 'emjGp3JjiH0:APA91bH4tF0P4_PWuDPL9xqNBiBQpmmlLqO87xZe27RWLapgh8IsHa5j9XkvYozCYTu1loBynJ9TtwMPMp1JnsUSkuXaMXzTMMy7-hgDro1TB8dQHgujNI3iTcZjzY6XJAZK_Z82NpHg', '0B29C2DB-CF1E-4911-B71E-40DB69981C7E', 'iPhone 11 Pro Max', 'iPhone', 'false', '2019-09-30 07:02:57'),
(623, 'fFvIoENDvDE:APA91bEkSsZ_DlQbhXHil1C_E6oR6OT0SirDo6HGKgWW07knGzZxuM8Hu1vC6TUm7Wcnwn7yq1i6dCX2fPHnM4uHDRbLj3QR-wJWEAoMGxMSlLIsDouE4w8BKELZ_NJf7DuZrXpO55Ik', 'f8bf9bb64453d638', 'generic_x86', 'Android SDK built for x86', 'false', '2019-09-30 07:33:40'),
(624, 'fXeM2sFUwv4:APA91bEe6BA4D2SxBp230I7zvJhnbIK3jbEmiW8kxnNbreSmX556swgMz3FKiroczz1yd-UUh0_glRvtLgqXTT5ovylzOpou5ar9Ow6uq4R3XzQvMMo_yQBNz_hrI2FPPYtbyDc9y_Y_', '7F762494-907B-4FEE-9CA3-6896CAAC4B8D', 'App’s iPad', 'iPad', 'true', '2019-09-26 04:13:02'),
(625, 'ep8M27bESqg:APA91bGxwj0fL-LL4PymQPrznCwWsZeCQ6MMnTdm6FNe-JRNU41uEnjJGuFWqzHoz5RSy9yRDZ58vQLlJV1c6YsVyBqu2Icn7BBzRBMmp08uT8oCPJ73JMnRkYqcsg-4pV0gCwn2A9Mg', 'DB3365C1-3C10-4940-B074-7142A7C473B9', 'IT', 'iPad', 'true', '2019-09-30 06:21:41'),
(626, 'fN4n3ZIx91s:APA91bEww20ZxlbhFaB0oJaV5z4o7uEB5XT0t5d6nGfhxsuDBRJDi3KlUmv9Oulf4oYWjyI1FhIBaS361Wg8jUCao5rtoi64e9jd4SwJB3INf-W_i5leiVD3YRL-3K9uxF9tTNwP1kzj', '3086de3d9896d10d', 'calypso', 'WindsongAOB', 'false', '2019-09-26 09:30:16'),
(627, 'null', 'c977afc652876107', 'starqlteue', 'SM-G960U1', 'true', '2019-09-26 09:30:43'),
(628, 'null', '2941a41c415fad19', 'starqlteue', 'SM-G960U1', 'true', '2019-09-26 09:30:45'),
(629, 'eH2SCbziH-Q:APA91bGaFiO_d4Vp5JrFlTI3UzaUb1vwnAE8XEMcTTSyEy52YbM3aqEOVH6XHvcuz5bMzgSXW4Hc5SsMwk0c5DcAZOK80s0SPj0i5di_A0rEMI9vBFgFrkVQVioaHNbVSMF1OkbezZVO', '5b6158f3c89169f', 'hwALE-H', 'ALE-L23', 'true', '2019-09-26 09:33:05'),
(630, 'null', '9f525715270743e3', 'bullhead', 'Nexus 5X', 'true', '2019-09-26 09:34:05'),
(631, 'null', '1eb5a7a482321e6f', 'bullhead', 'Nexus 5X', 'true', '2019-09-26 09:34:15'),
(632, 'cb9OpsGk8Eo:APA91bGVzK5GEuQ3qOojMLVOW2rA0BtYWysV-a3sW5qlD13IhHQcJLP3aFAT3LbawPxJNsDoEy-xBbn-kuRmeio9J7kOTJRSRuzpPMNDI3BcNtP7Flx9dFEgiK1Mm3L0pwJYQy3ypKsY', 'ED827D63-E469-4AE1-A4B2-8E63144D0BA0', 'iPhone', 'iPhone', 'true', '2019-09-26 10:26:45'),
(633, 'd8wSkLcTBe4:APA91bHSXjMcTxUNKIrZ6Ru3DQz1tQ0qCXUSfd3ZxFbLgVqr7fpXe88XQabRGDSLKBv1pILNHRQ_P8oLonoq41Mfq61Hc9-MLT1pATZmdPi7RLwIbmIUF4N0gw5m3c3juAJ_1nOJcazV', '5FD21526-83AB-4CEE-848D-7CE025D34A66', 'iPad (5)', 'iPad', 'true', '2019-09-26 23:19:55'),
(634, 'fSHtThAaqlU:APA91bGjAomv9GJpX03oKTkEjMJR-MLVTE2vwJK7US8q-jVWfIUGWCeEj4dqcP3dLQB923xbvlP1YxyKJZxU5npAZefWNcCUsr3WJBtprKfZ96f_-1J5zGSiWgEhb8bvpr4P4gUOH9lA', 'e4382a4ca75a12c9', 'zenlte', 'SM-G928C', 'true', '2019-09-27 07:50:18'),
(635, 'dsLcq8KlO_c:APA91bEXFkdXmsi1dGkuD82WYOfxGebrwpCHl38WvM8f-OMKvutggaDTUNyfyet73TXoCs912UTtt7y-OnsA4Lan8Wqige3qvy5bi54_3VsNG9TyAsSCSHWh09XMRCt6LB7s6SXHgsQ2', 'A91BC3F0-5C7A-4E27-A9D1-605F9EDC0A05', 'IT', 'iPad', 'true', '2019-09-30 06:25:09'),
(636, 'c4MVWmQFdAk:APA91bEQ1MEZQo9vsPCKOp98lUuCdKPCxmd-JeLaYqXP_NEZhFyAUkJGenkkVNxsFpesKdLmvOMEkUgy4DpwLAfcBDQL7VOKCjGi5HrLFP7_0O2alW7_j9GQghC7eWqMIW6XRcuFE2rk', '7E1F2AAF-9A82-4893-9E55-813BF969303A', 'Ammar.Awamleh', 'iPhone', 'true', '2019-09-30 06:28:26'),
(637, 'ct_0rgve6hk:APA91bF57O2PoIjbSZIsRVycRf05xmSq9V9mozQ0a8awRDmcgyWLvSnpah8WAfnuwfLRwf04P-0OM_CxW_dodqHnsyNfUwgEVrXzs_Tl216zgcbuoDEf8Vxjut85IQ4TJUHwX3ZYmtld', 'AF67E0DF-FB0C-4700-83E0-F6D1481E1186', 'iPhone SE', 'iPhone', 'true', '2019-09-30 06:42:16');

-- --------------------------------------------------------

--
-- Table structure for table `events`
--

CREATE TABLE `events` (
  `id` int(11) NOT NULL,
  `event_entity_name` varchar(150) NOT NULL DEFAULT '' COMMENT 'here i made the default value empty coz it''s not always filled',
  `time` time NOT NULL,
  `event_appointment` varchar(30) DEFAULT '' COMMENT 'i''ll make it''s default value empty string "" coz it''s not always set',
  `subject` text NOT NULL,
  `event_date` date NOT NULL,
  `hall_id` int(11) NOT NULL,
  `event_place` varchar(150) NOT NULL DEFAULT '' COMMENT 'i''ll make it''s default value empty string "" coz it''s not always set',
  `event_insertion_date` datetime NOT NULL DEFAULT CURRENT_TIMESTAMP,
  `user_id_insert` int(11) NOT NULL,
  `event_edit_date` datetime NOT NULL DEFAULT '0000-00-00 00:00:00',
  `user_id_edit` int(11) NOT NULL DEFAULT '-1',
  `directorate_id` int(11) NOT NULL DEFAULT '2' COMMENT 'the default value of this column is 2 coz all the users are from the legislative affairs directorate, so i wan''t need to change the value by code later.',
  `event_status` int(11) NOT NULL DEFAULT '0'
) ENGINE=InnoDB DEFAULT CHARSET=utf8 ROW_FORMAT=COMPACT;

--
-- Dumping data for table `events`
--

INSERT INTO `events` (`id`, `event_entity_name`, `time`, `event_appointment`, `subject`, `event_date`, `hall_id`, `event_place`, `event_insertion_date`, `user_id_insert`, `event_edit_date`, `user_id_edit`, `directorate_id`, `event_status`) VALUES
(33, '', '12:00:00', '', 'زيارة الى مجمع عمان الجديد – اربد والالتقاء مع محافظ اربد في مبنى المحافظة وذلك لبحث أمور تهم اللجنة.\r\n\r\n-	التحرك من المجلس الساعة 10:00 صباحاً.', '2019-06-25', 0, 'مبنى محافظة اربد', '2019-06-24 14:20:57', 30563, '2019-06-27 10:40:45', 30566, 2, 0),
(34, '', '11:00:00', '', 'لمناقشة موضوع الحوافز للقطاع الصناعي ونظام الفوترة بحضور وزير المالية ووزير الصناعة والتجارة والتموين.', '2019-06-26', 10, '', '2019-06-25 14:40:23', 30563, '0000-00-00 00:00:00', -1, 2, 1),
(45, '', '13:00:00', '', ' لجنة التربية والتعليم والثقافة وبالتعاون مع برنامج الأمم المتحدة الإنمائي (UNDP) لقاء مع مجموعة من الشباب لاطلاعهم على دور اللجنة وأهدافها ومجال عملها والاستماع لواقع الشباب والتحديات التي تواجههم.', '2019-06-30', 6, '', '2019-06-30 11:02:11', 30563, '0000-00-00 00:00:00', -1, 2, 1),
(46, '', '11:00:00', '', 'لمناقشة التوصيات الخاصة بخطة الحكومة في التعامل مع ظاهرة حرائق الغابات.', '2019-06-30', 5, '', '2019-06-30 11:03:10', 30563, '0000-00-00 00:00:00', -1, 2, 1),
(47, '', '12:30:00', '', 'لمناقشة مشروع قانون الأسلحة والذخائر لسنة 2016', '2019-06-30', 10, '', '2019-06-30 11:05:48', 30563, '0000-00-00 00:00:00', -1, 2, 1),
(52, '', '12:30:00', '', 'لقاء مع سعادة السفير البريطاني المعتمد لدى المملكة.', '2019-07-03', 4, '', '2019-07-02 10:47:18', 30563, '2019-07-03 08:59:04', 30563, 2, 1),
(54, '', '13:00:00', '', 'لمتابعة موضوع شراء الخدمات في مؤسسة الإذاعة والتلفزيون.', '2019-07-03', 5, '', '2019-07-02 14:37:51', 30563, '2019-07-03 08:59:27', 30563, 2, 1),
(55, '', '12:30:00', '', 'زيارة الى المركز الوطني للأمن وإدارة الازمات، للاطلاع على الية عمل المركز وكيفية التعامل مع الكوارث الطبيعية.\r\n -	التحرك من المجلس الساعة 12:00 صباحاً.', '2019-07-03', 0, '*****', '2019-07-02 14:40:17', 30563, '0000-00-00 00:00:00', -1, 2, 1),
(56, '', '11:00:00', '', 'لمناقشة قرار دولة الكويت بسحب اعتماد (15) جامعة اردنية وحصرة بـ (5) جامعات.\r\n', '2019-07-08', 4, '', '2019-07-08 09:08:40', 30563, '2019-07-08 09:13:29', 30563, 2, 1),
(57, '', '18:00:00', '', 'لقاء مع مجموعة من شباب معسكر قيادات النخبة من مختلف محافظات المملكة.\r\n', '2019-07-08', 0, 'بيت شباب جرش / محافظة جرش', '2019-07-08 09:10:45', 30563, '2019-07-08 09:13:38', 30563, 2, 1),
(58, '', '12:30:00', '', 'لقاء مع مركز قلعة الكرك للاستشارات والتدريب.\r\n', '2019-07-08', 5, '', '2019-07-08 09:13:00', 30563, '2019-07-08 10:17:41', 30563, 2, 1),
(59, '', '10:30:00', '', 'ورشة عمل بعنوان \"السياسات الاقتصادية لمكافحة التبغ في المملكة الأردنية الهاشمية\"\r\n', '2019-07-08', 0, 'فندق الماريوت / عمان', '2019-07-08 09:15:06', 30563, '0000-00-00 00:00:00', -1, 2, 1),
(60, '', '15:00:00', '', 'لقاء مع خبراء من منظمة الصحة العالمية، لمناقشة نتائج دراسة الحالة الاقتصادية لمكافحة التبغ.', '2019-07-08', 10, '', '2019-07-08 09:17:34', 30563, '0000-00-00 00:00:00', -1, 2, 0),
(61, '', '11:00:00', '', 'المشاركة بإطلاق الاستراتيجية الوطنية للشباب للاعوام 2019 - 2025.', '2019-07-08', 0, 'قاعة عمان الكبرى / مدينة الحسين للشباب.', '2019-07-08 09:20:04', 30563, '0000-00-00 00:00:00', -1, 2, 1),
(62, '', '11:00:00', '', 'زيارة الى جامعة اليرموك، للاطلاع على عمل مركز دراسات المرأة في الجامعة. \r\n\r\n-	التحرك من المجلس الساعة 9:15 صباحاً.', '2019-07-10', 0, 'جامعة اليرموك', '2019-07-10 10:11:26', 30563, '0000-00-00 00:00:00', -1, 2, 1),
(63, '', '12:30:00', '', 'لمناقشة المؤشرات الاقتصادية للنصف الأول لعام 2019 بحضور وزير التخطيط والتعاون الدولي', '2019-07-10', 4, '', '2019-07-10 10:12:18', 30563, '0000-00-00 00:00:00', -1, 2, 1),
(64, '', '12:30:00', '', 'لقاء مع معالي وزير الخارجية وشؤون المغتربين.\r\n\r\n -	التحرك من المجلس الساعة 11:45 صباحاً.', '2019-07-10', 0, 'وزارة الخارجية', '2019-07-10 10:44:29', 30563, '0000-00-00 00:00:00', -1, 2, 1),
(67, '', '12:00:00', '', 'لمناقشة موضوع الاقامات الجبرية والتوقيف الإداري.', '2019-07-14', 4, '', '2019-07-13 21:14:51', 30563, '0000-00-00 00:00:00', -1, 2, 1),
(68, '', '13:00:00', '', 'للحديث عن نتائج زيارتها الى المملكة المتحدة.', '2019-07-14', 5, '', '2019-07-13 21:16:21', 30563, '0000-00-00 00:00:00', -1, 2, 1),
(69, '', '13:00:00', '', 'لمناقشة موضوع تراخيص المنشآت والمنتجعات في الحمة الأردنية.', '2019-07-16', 10, '', '2019-07-16 09:10:45', 30563, '0000-00-00 00:00:00', -1, 2, 1),
(70, '', '12:30:00', '', 'زيارة الى مؤسسة الضمان الاجتماعي، للاطلاع على واقع العمل في المؤسسة.\r\n -	التحرك من المجلس الساعة 12:00 ظهراً.', '2019-07-16', 0, 'مؤسسة الضمان الاجتماعي', '2019-07-16 09:14:30', 30563, '0000-00-00 00:00:00', -1, 2, 1),
(71, '', '13:00:00', '', 'لقاء مع مجموعة شبابية من مبادرة \"شهامة\".', '2019-07-16', 5, '', '2019-07-16 09:18:47', 30563, '0000-00-00 00:00:00', -1, 2, 1),
(73, '', '13:00:00', '', '1. الساعة 1:00 بعد الظهر، لمناقشة إمكانية تعديل أوضاع موظفي الفئة الثالثة في وزارة التربية والتعليم وشمولهم بمكرمة العاملين.\r\n2.	الساعة 1:30 بعد الظهر، لمناقشة امكانية تعديل أوضاع المهندسين الزراعيين العاملين في وزارة الاشغال العامة والإسكان.', '2019-07-16', 4, '', '2019-07-16 09:25:50', 30563, '0000-00-00 00:00:00', -1, 2, 1),
(74, 'ملتقى البرلمانيات الاردنيات', '11:30:00', '', 'زيارة الى المديرية العامة لقوات الدرك.\r\n -	التحرك من المجلس الساعة 10:30 صباحاً.', '2019-07-17', 0, 'مديرية الدرك', '2019-07-17 09:38:33', 30563, '0000-00-00 00:00:00', -1, 2, 1),
(75, '', '13:00:00', '', 'لقاء مع وزير الخارجية وشؤون المغتربين، لبحث اخر المستجدات في المنطقة والشرق الأوسط.', '2019-07-17', 4, '', '2019-07-17 09:52:01', 30563, '0000-00-00 00:00:00', -1, 2, 1),
(76, '', '11:00:00', '', 'ندوة بعنوان (تمكين الشباب سياسياً واقتصادياً).', '2019-07-18', 0, 'بيت شباب اربد', '2019-07-18 09:10:08', 30563, '0000-00-00 00:00:00', -1, 2, 1),
(77, '', '12:30:00', '', 'لمناقشة بعض المواضيع التي تهم الاتحاد النسائي العام.', '2019-07-18', 4, '', '2019-07-18 09:11:27', 30563, '0000-00-00 00:00:00', -1, 2, 1),
(78, '', '11:00:00', '', 'زيارة الى الملكية الأردنية، للاطلاع على واقع عمل الملكية.\r\n\r\n -	التحرك من المجلس الساعة 10:15 صباحاً.', '2019-07-18', 0, 'الملكية الأردنية', '2019-07-18 09:15:28', 30563, '0000-00-00 00:00:00', -1, 2, 1),
(80, 'كتلة المبادرة ', '23:37:01', 'بعد الجلسة مباشرة ', 'لقاء مع معالي وزير التربية، لمناقشة بعض المحاور التي تتعلق بالمنظومة التعليمية.', '2019-07-21', 4, '', '2019-07-20 23:40:04', 30563, '0000-00-00 00:00:00', -1, 2, 1),
(81, 'جلسة (صباحية) ', '10:30:00', '', 'لمناقشة جدول اعمال الجلسة (1). ', '2019-07-21', 0, 'القبة', '2019-07-20 23:44:57', 30563, '0000-00-00 00:00:00', -1, 2, 1),
(82, '', '11:15:00', '', 'لقاء مع سعادة السيدة ماريا فيرناندا / رئيس الجمعية العامة للأمم المتحدة.', '2019-07-22', 10, '', '2019-07-22 09:10:39', 30563, '0000-00-00 00:00:00', -1, 2, 1),
(83, '', '12:15:00', '', 'لقاء مع سعادة السيدة ماريا فيرناندا / رئيس الجمعية العامة للأمم المتحدة.', '2019-07-22', 10, '', '2019-07-22 09:14:04', 30563, '0000-00-00 00:00:00', -1, 2, 1),
(84, '', '11:00:00', '', 'لمناقشة ما يلي:\r\n 1)	مشروع قانون معدل لقانون الجامعات الأردنية لسنة 2019.\r\n 2)	مشروع قانون معدل لقانون التعليم العالي والبحث العلمي لسنة 2019.', '2019-07-22', 5, '', '2019-07-22 09:17:41', 30563, '0000-00-00 00:00:00', -1, 2, 1),
(85, '', '11:00:00', '', 'لمناقشة:\r\n1- الساعة 11:00صباحا، لمناقشة مشروع قانون الامن السيبراني لسنة 2019.\r\n2- الساعة 1:00 بعد الظهر، لمناقشة مشروع قانون معدل لقانون هيئة النزاهة ومكافحة الفساد لسنة 2019.', '2019-07-22', 4, '', '2019-07-22 09:23:48', 30563, '0000-00-00 00:00:00', -1, 2, 1),
(86, 'كتلة المبادرة', '10:00:00', '', 'زيارة الى إدارة مكافحة المخدرات.\r\n\r\n-	التحرك من المجلس الساعة 9:30 صباحاً.', '2019-07-22', 0, 'ادارة مكافحة المخدرات', '2019-07-22 09:28:28', 30563, '0000-00-00 00:00:00', -1, 2, 1),
(88, '', '13:00:00', '', 'لمناقشة ما يلي: \r\n1-	مشروع قانون معدل لقانون الجامعات الأردنية لسنة 2019.\r\n 2-	مشروع قانون معدل لقانون التعليم العالي والبحث العلمي لسنة 2019.', '2019-07-23', 10, '', '2019-07-23 09:12:04', 30563, '0000-00-00 00:00:00', -1, 2, 1),
(89, '', '11:00:00', '', 'لمناقشة مشروع قانون معدل لقانون هيئة النزاهة ومكافحة الفساد لسنة 2019.', '2019-07-23', 4, '', '2019-07-23 09:15:01', 30563, '2019-07-23 13:24:19', 30566, 2, 1),
(90, 'ملتقى البرلمانيات الاردنيات', '11:00:00', '', 'ورشة عمل بالتعاون مع المعهد الديمقراطي الوطني بعنوان (تعديلات قانون الضمان الاجتماعي واثارها على المرأة الاردنية).', '2019-07-23', 5, '', '2019-07-23 09:23:13', 30563, '0000-00-00 00:00:00', -1, 2, 1),
(91, '', '13:30:00', '', 'لمناقشة:\r\n- مشروع قانون معدل لقانون الجامعات الأردنية لسنة 2019.\r\n- مشروع قانون معدل لقانون التعليم العالي والبحث العلمي لسنة 2019.', '2019-07-24', 6, '', '2019-07-24 00:46:43', 30563, '0000-00-00 00:00:00', -1, 2, 1),
(92, '', '11:00:00', '', 'لمناقشة:\r\n- مشروع قانون الامن السيبراني لسنة 2019. \r\n- مشروع قانون معدل لقانون هيئة النزاهة ومكافحة الفساد لسنة 2019.', '2019-07-24', 4, '', '2019-07-24 01:00:50', 30563, '2019-07-24 09:19:20', 30563, 2, 1),
(93, '', '11:00:00', '', 'لمناقشة:\r\n- مشروع قانون معدل لقانون اعادة هيكلة المؤسسات والدوائر الحكومية لسنة 2019.\r\n- مشروع قانون الغاء قانون توظيف موارد تكنولوجيا المعلومات في المؤسسات الحكومية لسنة 2018.', '2019-07-24', 5, '', '2019-07-24 01:04:20', 30563, '2019-07-24 01:11:45', 30563, 2, 1),
(94, '', '12:00:00', '', 'لمناقشة مشروع قانون معدل لقانون المواصفات والمقاييس لسنة 2019.', '2019-07-24', 10, '', '2019-07-24 01:06:58', 30563, '0000-00-00 00:00:00', -1, 2, 1),
(95, 'كتلة المبادرة', '11:00:00', '', 'زيارة الى المؤسسة العامة للضمان الاجتماعي.\r\n-	التحرك من المجلس الساعة 10:30 صباحاً.', '2019-07-25', 0, 'المؤسسة العامة للضمان الاجتماعي', '2019-07-24 16:46:36', 30563, '0000-00-00 00:00:00', -1, 2, 1),
(101, 'جلسة (صباحية) ', '10:30:00', '', 'لمناقشة جدول أعمال الجلسة (الثاني). ', '2019-07-28', 0, 'القبة', '2019-07-28 08:15:37', 30563, '0000-00-00 00:00:00', -1, 2, 1),
(103, '', '08:16:01', 'بعد الجلسة ', 'للحديث عن أمور تهم اللجنة.', '2019-07-28', 10, '', '2019-07-28 08:18:00', 30563, '0000-00-00 00:00:00', -1, 2, 1),
(104, '', '08:20:01', 'بعد الجلسة ', 'لمناقشة موضوع زيارة لجنة الخدمات والاعمار في البرلمان العراقي الى الاردن.', '2019-07-28', 4, '', '2019-07-28 08:21:58', 30563, '0000-00-00 00:00:00', -1, 2, 1),
(105, '', '08:24:01', 'بعد الجلسة ', 'زيارة الى وزارة الشباب، لمناقشة موضوع اندية محافظة جرش.\r\n-	التحرك من المجلس بعد الجلسة مباشرة.', '2019-07-28', 0, 'وزارة الشباب', '2019-07-28 08:25:44', 30563, '0000-00-00 00:00:00', -1, 2, 1),
(106, '', '11:00:00', '', 'زيارة الى المكتبة الوطنية للاطلاع على نشاطات المكتبة والدور الذي تقوم به.\r\n -	التحرك من المجلس الساعة 10:30 صباحاً.', '2019-07-29', 0, 'زيارة', '2019-07-29 09:13:44', 30563, '0000-00-00 00:00:00', -1, 2, 1),
(107, '', '10:00:00', '', 'زيارة الى كل من مستشفى الامير فيصل، مركز صحي وادي الحجر، مركز صحي جبل الأمير فيصل ومركز صحي حي الزواهرة،  للاطلاع على واقع الخدمات الصحية المقدمة للمواطنين.\r\n- التحرك من المجلس الساعة 9:00 صباحا.', '2019-07-29', 0, 'زيارة', '2019-07-29 09:18:25', 30563, '0000-00-00 00:00:00', -1, 2, 1),
(108, '', '11:00:00', '', '\"مؤتمر صحفي\" لعرض نتائج وتوصيات الحوار الوطني الذي أجرته اللجنة بالتعاون مع وزارة الشؤون السياسية والبرلمانية حول مشروع قانون اللامركزية في المحافظات.', '2019-07-29', 10, '', '2019-07-29 09:21:47', 30563, '0000-00-00 00:00:00', -1, 2, 1),
(109, '', '10:00:00', '', 'لقاء مع مبادرة زمالات برلمانية لدعم وتمكين المرأة سياسياً.', '2019-07-29', 5, '', '2019-07-29 09:25:07', 30563, '0000-00-00 00:00:00', -1, 2, 1),
(110, '', '00:00:00', '', 'لمناقشة مشروع قانون معدل لقانون استقلال القضاء لسنة 2019.', '2019-07-29', 4, '', '2019-07-29 09:28:26', 30563, '0000-00-00 00:00:00', -1, 2, 1),
(111, 'اللجنة المشتركة (القانونية والعمل)', '14:00:00', '', 'لمناقشة مشروع قانون معدل لقانون الضمان الاجتماعي لسنة 2019.', '2019-07-29', 4, '', '2019-07-29 09:31:03', 30563, '0000-00-00 00:00:00', -1, 2, 1),
(113, '', '14:44:02', 'بعد الجلسة', 'لمناقشة موضوع تصاريح العمل لأبناء قطاع غزة المقيمين في المملكة بحضور وزير العمل.', '2019-07-30', 10, '', '2019-07-29 14:45:24', 30563, '2019-07-30 09:17:10', 30563, 2, 1),
(114, 'لجنة الاخوة البرلمانية الأردنية - التونسية', '12:30:00', '', 'تقديم واجب العزاء بوفاة رئيس الجمهورية التونسية.', '2019-07-30', 0, 'السفارة التونسية.', '2019-07-29 14:47:58', 30563, '0000-00-00 00:00:00', -1, 2, 1),
(115, 'جلسة (صباحية) ', '10:30:00', '', 'لاستكمال مناقشة جدول اعمال الجلسة (2) ابتداءً من قرار اللجنة القانونية المتضمن مشروع قانون الامن السيبراني. ', '2019-07-30', 0, 'القبة', '2019-07-30 07:45:48', 30563, '0000-00-00 00:00:00', -1, 2, 1),
(116, '', '07:48:02', 'بعد الجلسة ', 'لمناقشة مشروع قانون معدل لقانون استقلال القضاء لسنة 2019.', '2019-07-30', 4, '', '2019-07-30 07:48:59', 30563, '2019-07-30 09:17:57', 30563, 2, 1),
(118, '', '10:00:00', '', 'لمناقشة مشروع قانون إدارة النفايات لسنة 2017.', '2019-07-30', 4, '', '2019-07-30 07:55:20', 30563, '0000-00-00 00:00:00', -1, 2, 1),
(122, '', '09:30:00', '', 'ورشة عمل حول الادارة العامة في الاردن (واقع وتحديات).', '2019-07-31', 0, 'فندق جينيفا', '2019-07-31 08:53:03', 30563, '0000-00-00 00:00:00', -1, 2, 1),
(123, 'اللجنة المشتركة (القانونية و العمل)', '11:00:00', '', 'لمناقشة مشروع قانون معدل لقانون الضمان الاجتماعي لسنة 2019.\r\n1. الساعة 11:00 صباحا، مؤسسات المجتمع المدني.\r\n2. الساعة 12:00 ظهرا، النقابات المهنية والعمالية.\r\n3. الساعة 1:00 بعد الظهر، القطاعات النسائية.', '2019-07-31', 4, '', '2019-07-31 08:55:05', 30563, '2019-07-31 09:02:24', 30563, 2, 1),
(124, '', '12:00:00', '', 'زيارة الى شركة السمراء لتوليد الكهرباء، للاطلاع على واقع عمل الشركة.\r\n -	التحرك من المجلس الساعة 11:30 صباحا.', '2019-07-31', 0, 'زيارة', '2019-07-31 08:58:52', 30563, '0000-00-00 00:00:00', -1, 2, 1),
(125, '', '11:00:00', '', 'لمناقشة مشروع قانون معدل لقانون سلطة إقليم البتراء التنموي السياحي لسنة 2019، بحضور المعنيين.', '2019-08-01', 4, '', '2019-08-01 01:36:09', 30563, '0000-00-00 00:00:00', -1, 2, 1),
(127, 'جلسة صباحية', '10:30:00', '', 'لاستكمال مناقشة جدول اعمال الجلسة (2) ابتداءً من قرار اللجنة القانونية المتضمن مشروع قانون معدل لقانون النزاهه ومكافحة الفساد بالاضافة الى ملحق جدول الاعمال.', '2019-08-04', 0, 'القبة', '2019-08-04 08:51:53', 30563, '0000-00-00 00:00:00', -1, 2, 1),
(128, 'اللجنة المشتركة (القانونية والعمل)', '14:30:00', '', 'لمناقشة مشروع قانون معدل لقانون الضمان الاجتماعي لسنة 2019.', '2019-08-04', 4, '', '2019-08-04 08:54:18', 30563, '0000-00-00 00:00:00', -1, 2, 1),
(129, '', '08:54:01', 'بعد الجلسة', ' لمناقشة :\r\n ١_ الخدمات المقدمه للمخيمات.\r\n ٢_ اقامة معرض مقدسي في امانة عمان.', '2019-08-04', 5, '', '2019-08-04 08:55:54', 30563, '0000-00-00 00:00:00', -1, 2, 1),
(131, '', '12:00:00', '', 'لمناقشة مطالب أبناء قطاع غزة والضفة الغربية. ', '2019-08-05', 5, '', '2019-08-04 22:20:14', 30563, '2019-08-04 22:25:44', 30563, 2, 1),
(132, '', '13:00:00', '', 'لقاء مع نقابة المعلمين.', '2019-08-05', 10, '', '2019-08-04 22:21:40', 30563, '0000-00-00 00:00:00', -1, 2, 1),
(133, '', '12:00:00', '', 'لمناقشة:\r\n- تقييم الوضع المالي للنصف الأول لعام 2019.\r\n- نتائج تجديد الاتفاق مع صندوق النقد الدولي.\r\n- البرنامج الوطني للإصلاح الاقتصادي.\r\n- ملامح الموازنة العامة لعام 2020.', '2019-08-05', 4, '', '2019-08-04 22:23:37', 30563, '0000-00-00 00:00:00', -1, 2, 1),
(134, 'جلسة (صباحية) ', '10:30:00', '', 'لاستكمال مناقشة جدول اعمال الجلسة (2) ابتداءً من قرار اللجنة القانونية المتضمن مشروع قانون معدل لقانون النزاهة ومكافحة الفساد اعتباراً من المادة (5) بالإضافة الى ملحق جدول الاعمال.', '2019-08-06', 0, 'القبة', '2019-08-05 23:23:54', 30563, '0000-00-00 00:00:00', -1, 2, 1),
(135, '', '14:24:01', 'بعد الجلسة ', 'لمناقشة قرار الحكومة المتعلق بالسماح لأبناء قطاع غزة بالتملك بحضور وزير المالية.', '2019-08-06', 4, '', '2019-08-05 23:24:56', 30563, '0000-00-00 00:00:00', -1, 2, 1),
(136, '', '13:30:00', '', 'لقاء مع فريق العمل المنبثق عن ائتلاف الهدف الخامس من اهداف التنمية المستدامة (SDGs).', '2019-08-06', 10, '', '2019-08-05 23:25:56', 30563, '0000-00-00 00:00:00', -1, 2, 1),
(137, '', '14:00:00', '', 'لقاء مع رئيس واعضاء نادي جبل المكبر المقدسي.', '2019-08-07', 4, '', '2019-08-07 00:10:52', 30563, '2019-08-07 10:42:56', 30563, 2, 1),
(138, 'جمعية الصداقة البرلمانية الأردنية – التايلندية', '11:00:00', '', 'زيارة الى سفارة مملكة تايلند. \r\n\r\n-	التحرك من المجلس الساعة 10:30 صباحاً.', '2019-08-07', 0, 'زيارة', '2019-08-07 00:13:54', 30563, '0000-00-00 00:00:00', -1, 2, 1),
(139, '', '11:00:00', '', 'لمناقشة موضوع سلامة الطيران في الأردن بحضور المعنيين.\r\n', '2019-08-08', 4, '', '2019-08-07 14:01:01', 30563, '0000-00-00 00:00:00', -1, 2, 1),
(140, 'جلسة صباحية', '10:30:00', '', 'لاستكمال مناقشة جدول اعمال الجلسة (2) ابتداءً من قرار لجنة الاقتصاد والاستثمار المتضمن مشروع قانون معدل لقانون المواصفات والمقاييس لسنة 2019 بالاضافة الى ملحق جدول الاعمال.', '2019-08-18', 0, 'القبة', '2019-08-18 09:28:45', 30563, '0000-00-00 00:00:00', -1, 2, 1),
(141, 'اللجنة المشتركة (القانونية والعمل)', '11:28:01', 'بعد الجلسة', 'لمناقشة مشروع قانون معدل لقانون الضمان الاجتماعي لسنة 2019.', '2019-08-18', 4, '', '2019-08-18 09:30:03', 30563, '0000-00-00 00:00:00', -1, 2, 1),
(142, 'السيدات والسادة اعضاء مجلس النواب', '12:00:00', '', 'أجتماع لمناقشة موضوع انتهاكات واقتحامات سلطات الاحتلال الإسرائيلي للمسجد الاقصى وذلك في قاعة عاكف الفايز.', '2019-08-19', 8, '', '2019-08-19 09:05:45', 30563, '0000-00-00 00:00:00', -1, 2, 1),
(143, 'اللجنة المشتركة (القانونية و العمل)', '10:00:00', '', 'لمناقشة مشروع قانون معدل لقانون الضمان الاجتماعي لسنة 2019.', '2019-08-19', 4, '', '2019-08-19 09:06:52', 30563, '0000-00-00 00:00:00', -1, 2, 1),
(144, '', '11:00:00', '', 'للاطلاع على البرامج التي تقدمها دائرة قاضي القضاة للمرأة الأردنية.', '2019-08-19', 5, '', '2019-08-19 09:08:20', 30563, '0000-00-00 00:00:00', -1, 2, 1),
(149, '', '11:00:00', '', 'ندوة بعنوان ( تمكين الشباب سياسيا واقتصاديا). ', '2019-08-21', 0, 'بيت شباب مادبا', '2019-08-20 23:35:33', 30563, '0000-00-00 00:00:00', -1, 2, 1),
(150, '', '13:00:00', '', 'لمناقشة التحديات التي تواجهها جامعة الحسين بن طلال.', '2019-08-21', 10, '', '2019-08-20 23:36:54', 30563, '0000-00-00 00:00:00', -1, 2, 1),
(151, '', '13:00:00', '', 'لمناقشة قرار الحكومة المتعلق بالسماح لأبناء غزة بالتملك بحضور وزير المالية.', '2019-08-22', 4, '', '2019-08-22 00:29:25', 30563, '0000-00-00 00:00:00', -1, 2, 1),
(152, 'جلسة (صباحية) ', '10:30:00', '', 'لمناقشة جدول أعمال الجلسة (الثالثة). ', '2019-08-25', 0, 'القبة', '2019-08-25 08:04:59', 30563, '2019-08-25 08:09:26', 30563, 2, 1),
(153, '', '08:05:01', 'بعد الجلسة ', 'لوضع الترتيبات النهائية للمؤتمر الاقتصادي. ', '2019-08-25', 10, '', '2019-08-25 08:06:34', 30563, '0000-00-00 00:00:00', -1, 2, 1),
(154, 'اللجنة المالية واللجنة الإدارية', '08:07:01', 'بعد الجلسة ', 'لمناقشة موضوع شركة بيتنا بحضور وزير الصناعة والتجارة والتموين.', '2019-08-25', 4, '', '2019-08-25 08:08:49', 30563, '0000-00-00 00:00:00', -1, 2, 1),
(155, '', '00:00:00', '', 'لقاء مع وفد من مدينة القدس.', '2019-08-26', 4, '', '2019-08-26 08:59:32', 30563, '0000-00-00 00:00:00', -1, 2, 1),
(157, 'لجنة الاخوة البرلمانية الأردنية الإماراتية', '13:00:00', '', 'زيارة الى سفارة دولة الامارات العربية المتحدة والالتقاء مع سعادة السفير (احمد البلوشي) وتقديم التهنئة له بتعيينه سفيراً في المملكة الأردنية الهاشمية. \r\n\r\n-	التحرك من المجلس الساعة 12:30 ظهراً.', '2019-08-26', 0, '******', '2019-08-26 09:04:31', 30563, '0000-00-00 00:00:00', -1, 2, 1),
(158, 'جلسة صباحية', '11:00:00', '', ' لمناقشة جدول أعمال الجلسة (الرابعة) المتضمن مشروع قانون معدل لقانون استقلال القضاء لسنة 2019 المعاد من مجلس الاعيان.', '2019-08-27', 0, 'القبة', '2019-08-27 09:14:15', 30563, '0000-00-00 00:00:00', -1, 2, 1),
(159, '', '10:30:00', '', 'لقاء مع سعادة رئيس الجمعية الوطنية في جمهورية كينيا.', '2019-08-27', 10, '', '2019-08-27 09:15:13', 30563, '0000-00-00 00:00:00', -1, 2, 1),
(160, 'اللجنة المالية و ولجنة الاقتصاد والاستثمار', '14:00:00', '', 'لمناقشة إجراءات البنك المركزي لضبط سعر الفائدة.', '2019-08-27', 10, '', '2019-08-27 09:17:43', 30563, '0000-00-00 00:00:00', -1, 2, 1),
(161, 'رؤساء اللجان النيابية واعضاء اللجنة القانونية', '12:00:00', '', 'لقاء مع اللجنة الوطنية الاردنية للقانون الدولي الانساني وذلك للتعريف بدور اللجنة الوطنية الاردنية ودور اللجنة الدولية للصليب الاحمر في رعاية نشر قواعد القانون الدولي الانساني على الصعيدين الوطني والعالمي.', '2019-08-27', 4, '', '2019-08-27 09:19:07', 30563, '0000-00-00 00:00:00', -1, 2, 1),
(162, '', '11:00:00', '', 'لقاء مع سعادة السفير الصيني المعتمد لدى المملكة، لبحث سبل التعاون بين البلدين الصديقين واخر التطورات في المنطقة.', '2019-08-28', 10, '', '2019-08-28 08:57:49', 30563, '0000-00-00 00:00:00', -1, 2, 1),
(163, '', '11:00:00', '', 'لقاء مع معالي وزير الطاقة والمعادن والتنمية المستدامة في المملكة المغربية، لبحث عدة مواضيع تتعلق بالطاقة.', '2019-08-28', 9, '', '2019-08-28 08:59:09', 30563, '0000-00-00 00:00:00', -1, 2, 1),
(164, 'جلسة (صباحية) ', '10:30:00', '', 'لمناقشة جدول اعمال الجلسة (الخامسة). ', '2019-09-01', 0, 'القبة', '2019-09-01 08:31:12', 30563, '2019-09-01 08:33:36', 30563, 2, 1),
(165, 'اللجنة المالية ولجنة الصحة والبيئة', '02:00:03', 'بعد الجلسة ', 'لمناقشة موضوع حوافز القطاع الصحي و توسيع مظلة التأمين الصحي الشامل للمواطنين', '2019-09-01', 4, '', '2019-09-01 08:32:58', 30563, '2019-09-01 09:05:11', 30563, 2, 1),
(166, '', '11:30:00', '', 'زيارة الى المركز الوطني للطب الشرعي للاطلاع على الية عمله.\r\n\r\n-	التحرك من المجلس الساعة 11:00 صباحاً.', '2019-09-02', 0, '******', '2019-09-02 09:11:56', 30563, '2019-09-02 09:44:22', 30563, 2, 1),
(167, '', '13:30:00', '', 'لمناقشة أمور تهم اللجنة.', '2019-09-03', 10, '', '2019-09-03 08:32:57', 30563, '2019-09-03 09:01:02', 30563, 2, 1),
(168, 'اللجنة المالية واللجنة الادارية', '12:00:00', '', 'لمناقشة موضوع شركة بيتنا بحضور وزير الصناعة والتجارة والتموين.', '2019-09-03', 4, '', '2019-09-03 08:34:23', 30563, '0000-00-00 00:00:00', -1, 2, 1),
(169, 'كتلة المبادرة النيابية ', '13:00:00', '', 'زيارة الى البنك المركزي والالتقاء بمحافظ البنك المركزي.\r\n\r\n-	التحرك من المجلس الساعة 12:30 صباحاً.', '2019-09-03', 0, '******', '2019-09-03 08:36:55', 30563, '0000-00-00 00:00:00', -1, 2, 1),
(172, 'جلسة مشتركة', '12:00:00', '', 'لمناقشة جدول الأعمال المتضمن مشروع قانون معدل لقانون الضمان الاجتماعي لسنة 2019. ', '2019-09-05', 0, 'القبة', '2019-09-05 08:07:28', 30563, '0000-00-00 00:00:00', -1, 2, 1),
(175, 'جمعية الصداقة البرلمانية الأردنية المكسيكية', '12:00:00', '', 'زيارة الى سفارة الولايات المتحدة المكسيكية والالتقاء مع سعادة السفير المعتمد لدى المملكة.\r\n\r\n-	التحرك من المجلس الساعة 11:30 صباحاً.', '2019-09-08', 0, '******', '2019-09-08 09:08:08', 30563, '0000-00-00 00:00:00', -1, 2, 1),
(176, '', '13:00:00', '', 'لمناقشة مطالب سائقي العمومي.', '2019-09-10', 4, '', '2019-09-10 09:43:58', 30563, '0000-00-00 00:00:00', -1, 2, 1),
(177, '', '11:00:00', '', 'لقاء مع مركز الامارات للدراسات والبحوث الاستراتيجية.', '2019-09-11', 9, '', '2019-09-11 09:06:41', 30563, '0000-00-00 00:00:00', -1, 2, 1),
(178, '', '11:00:00', '', 'لقاء مع عدد من طلاب مؤسسة تعلم العالمية الامريكية.', '2019-09-11', 10, '', '2019-09-11 09:07:32', 30563, '0000-00-00 00:00:00', -1, 2, 1),
(179, ' جمعية الصداقة البرلمانية الأردنية الأوكرانية', '11:00:00', '', 'زيارة الى سفارة الجمهورية الأوكرانية والالتقاء مع سعادة السفير المعتمد لدى المملكة.\r\n -التحرك من المجلس الساعة 10:30 صباحاً.', '2019-09-11', 0, '*****', '2019-09-11 09:09:39', 30563, '0000-00-00 00:00:00', -1, 2, 1),
(180, '', '12:30:00', '', 'لبحث امور تهم اللجنة.', '2019-09-11', 4, '', '2019-09-11 09:11:39', 30563, '0000-00-00 00:00:00', -1, 2, 1),
(181, '', '12:00:00', '', 'للالتقاء مع مجلس إدارة شركة بيتنا.', '2019-09-11', 5, '', '2019-09-11 09:14:30', 30563, '0000-00-00 00:00:00', -1, 2, 1),
(182, '', '10:00:00', '', ' لقاء مع مفتي القدس. ', '2019-09-12', 4, '', '2019-09-12 09:00:24', 30563, '0000-00-00 00:00:00', -1, 2, 1),
(183, '', '14:00:00', '', ' لمناقشة أمور تهم اللجنة.', '2019-09-12', 4, '', '2019-09-12 09:00:57', 30563, '0000-00-00 00:00:00', -1, 2, 1),
(184, 'لجنة الأخوة البرلمانية الأردنية القطرية', '10:00:00', '', 'زيارة الى سفارة دولة قطر في عمان للالتقاء بسعادة السفير الشيخ سعود بن ناصر ال ثاني.\r\n-التحرك من المجلس الساعة 9:30 صباحاً.', '2019-09-12', 0, '*****', '2019-09-12 09:02:47', 30563, '0000-00-00 00:00:00', -1, 2, 1),
(185, '', '12:00:00', '', 'زيارة الى معهد الادارة العامة للاطلاع على واقع المعهد وتحدياتة.', '2019-09-15', 0, '******', '2019-09-15 07:45:38', 30563, '0000-00-00 00:00:00', -1, 2, 1),
(186, 'لجنة الاخوة البرلمانية  الأردنية-العمانية', '11:00:00', '', 'زيارة  لسفارة سلطنة عمان. \r\n-التحرك من مجلس النواب الساعة 10:30 صباحاً.\r\n', '2019-09-17', 0, '******', '2019-09-16 19:58:02', 30563, '0000-00-00 00:00:00', -1, 2, 1),
(187, '', '13:00:00', '', '', '2019-09-17', 4, '', '2019-09-16 19:58:59', 30563, '0000-00-00 00:00:00', -1, 2, 1),
(188, '', '10:15:00', '', 'لقاء مع وزير الشؤون الدينية التركي الاسبق. ', '2019-09-19', 10, '', '2019-09-19 09:22:12', 30563, '2019-09-19 09:37:21', 30563, 2, 1),
(189, '', '11:00:00', '', 'ندوة بعنوان (تمكين الشباب سياسياً واقتصادياً).', '2019-09-19', 0, 'بيت شباب عجلون', '2019-09-19 09:27:41', 30563, '2019-09-19 09:28:21', 30563, 2, 1),
(190, '', '12:30:00', '', 'لقاء مع وفد من البنك الاوروبي لإعادة الاعمار للتباحث بشأن تعزيز الاطار القانوني للوساطة المالية لتسوية النزاعات لاسيما التجارية منها.', '2019-09-22', 4, '', '2019-09-22 09:50:40', 30563, '0000-00-00 00:00:00', -1, 2, 1),
(191, '', '10:30:00', '', 'زيارة الى الطريق الصحراوي، للاطلاع على واقع العمل في الطريق الصحراوي.\r\n\r\n-التحرك من امام وزارة الاشغال العامة والاسكان الساعة 10:30 صباحاً.', '2019-09-24', 0, '******', '2019-09-24 09:48:30', 30563, '0000-00-00 00:00:00', -1, 2, 1),
(192, '', '11:00:00', '', 'لقاء مع الفريق الاقتصادي الحكومي ومحافظ البنك المركزي ورئيس هيئة الاستثمار لمناقشة: قرارات الحكومة لتحسين الادارة المالية ،الايرادات الحكومية لشهر 7,8 لعام 2019، اسباب تخفيض النفقات الرأسمالية، الية اجراءات الحجز ومنع السفر على المستثمرين، مشاريع وتوصيات مؤتمر لندن.', '2019-09-24', 4, '', '2019-09-24 09:52:44', 30563, '0000-00-00 00:00:00', -1, 2, 1),
(193, '', '12:00:00', '', 'لقاء مع سعادة السفير الإيطالي المعتمد لدى المملكة.', '2019-09-26', 10, '', '2019-09-25 22:48:40', 30563, '0000-00-00 00:00:00', -1, 2, 1),
(194, 'جمعية الصداقة البرلمانية الأردنية-التركية', '14:00:00', '', 'زيارة رسمية لسعادة السفير التركي لدى المملكة الأردنية الهاشمية.\r\n -التحرك من المجلس الساعة 1:30 ظهراً.\r\n', '2019-09-29', 0, 'السفارة التركية', '2019-09-29 00:11:29', 30563, '0000-00-00 00:00:00', -1, 2, 1),
(195, 'لجنة الأخوة البرلمانية الأردنية-الجزائرية', '14:30:00', '', 'زيارة الى السفارة الجزائرية في عمان والالتقاء بسعادة السفير الجزائري.\r\n-التحرك من المجلس الساعة 2:00 بعد الظهر.\r\n', '2019-09-29', 0, 'السفارة الجزائرية', '2019-09-29 00:12:44', 30563, '0000-00-00 00:00:00', -1, 2, 1);

-- --------------------------------------------------------

--
-- Table structure for table `event_entity_category`
--

CREATE TABLE `event_entity_category` (
  `event_entity_category_id` int(11) NOT NULL,
  `event_entity_category_name` varchar(50) NOT NULL
) ENGINE=InnoDB DEFAULT CHARSET=utf8;

--
-- Dumping data for table `event_entity_category`
--

INSERT INTO `event_entity_category` (`event_entity_category_id`, `event_entity_category_name`) VALUES
(1, 'اللجان الدائمة'),
(2, 'الكتل النيابية'),
(3, 'لجان الاخوة'),
(4, 'جمعيات الصداقة'),
(5, 'المكتب دائم'),
(6, 'المكتب تنفيذي');

-- --------------------------------------------------------

--
-- Table structure for table `event_event_entity`
--

CREATE TABLE `event_event_entity` (
  `event_id` int(11) NOT NULL,
  `event_entity_id` int(11) NOT NULL
) ENGINE=InnoDB DEFAULT CHARSET=utf8 COMMENT='this table to store the events with the event entities related to them';

--
-- Dumping data for table `event_event_entity`
--

INSERT INTO `event_event_entity` (`event_id`, `event_entity_id`) VALUES
(34, 17),
(33, 11),
(45, 12),
(46, 15),
(47, 10),
(55, 15),
(52, 57),
(54, 39),
(56, 12),
(57, 16),
(59, 15),
(60, 10),
(61, 16),
(58, 46),
(62, 46),
(63, 17),
(64, 58),
(67, 42),
(68, 43),
(69, 11),
(70, 9),
(71, 16),
(73, 39),
(75, 13),
(76, 16),
(77, 46),
(78, 11),
(82, 13),
(83, 15),
(84, 12),
(85, 10),
(88, 12),
(89, 10),
(91, 12),
(94, 17),
(93, 39),
(92, 10),
(103, 43),
(104, 11),
(105, 16),
(106, 40),
(107, 15),
(108, 39),
(109, 46),
(110, 10),
(118, 15),
(113, 43),
(116, 10),
(122, 39),
(124, 31),
(125, 19),
(129, 43),
(132, 12),
(133, 38),
(131, 43),
(135, 43),
(136, 46),
(137, 43),
(139, 11),
(144, 46),
(149, 16),
(150, 12),
(151, 43),
(153, 17),
(155, 43),
(159, 13),
(162, 13),
(163, 10),
(166, 15),
(167, 43),
(176, 11),
(177, 42),
(178, 46),
(180, 12),
(181, 39),
(182, 43),
(183, 43),
(185, 39),
(187, 43),
(189, 16),
(188, 43),
(190, 10),
(191, 11),
(192, 38),
(193, 13);

-- --------------------------------------------------------

--
-- Table structure for table `halls`
--

CREATE TABLE `halls` (
  `hall_id` int(11) NOT NULL,
  `hall_name` varchar(100) NOT NULL
) ENGINE=InnoDB DEFAULT CHARSET=utf8;

--
-- Dumping data for table `halls`
--

INSERT INTO `halls` (`hall_id`, `hall_name`) VALUES
(0, ''),
(3, 'قاعة عبدالله الشريدة الطابق الاول'),
(4, 'قاعة مصطفى خليفة الطابق الثاني'),
(5, 'قاعة عبدالقادر التل الطابق الاول'),
(6, 'قاعة كامل عريقات الطابق الاول'),
(7, 'قاعة المكتب الدائم الطابق الثاني'),
(8, 'قاعة عاكف الفايز الطابق الاول'),
(9, 'قاعة التشريفات الطابق الثاني'),
(10, 'قاعة عبدالحليم النمر الطابق الاول');

-- --------------------------------------------------------

--
-- Table structure for table `pages`
--

CREATE TABLE `pages` (
  `page_id` int(11) NOT NULL,
  `page_url` varchar(100) NOT NULL
) ENGINE=InnoDB DEFAULT CHARSET=utf8;

--
-- Dumping data for table `pages`
--

INSERT INTO `pages` (`page_id`, `page_url`) VALUES
(1, 'background_add.php'),
(2, 'background_edit.php'),
(3, 'backgrounds.php'),
(4, 'committees.php'),
(6, 'events_edit_page.php');

-- --------------------------------------------------------

--
-- Table structure for table `permissions`
--

CREATE TABLE `permissions` (
  `permission_id` int(11) NOT NULL,
  `user_id` int(11) NOT NULL,
  `page_id` int(11) NOT NULL
) ENGINE=InnoDB DEFAULT CHARSET=utf8;

--
-- Dumping data for table `permissions`
--

INSERT INTO `permissions` (`permission_id`, `user_id`, `page_id`) VALUES
(1, 0, 1),
(2, 0, 2),
(3, 0, 3);

-- --------------------------------------------------------

--
-- Table structure for table `sessions`
--

CREATE TABLE `sessions` (
  `id` int(11) NOT NULL,
  `session_text` text NOT NULL,
  `session_date` date NOT NULL,
  `session_time` time NOT NULL,
  `session_started` int(11) NOT NULL DEFAULT '2',
  `session_terminated` int(11) NOT NULL DEFAULT '2',
  `session_terminated_text` text NOT NULL,
  `session_insertion_date` datetime NOT NULL DEFAULT CURRENT_TIMESTAMP,
  `session_insertion_user_id` int(11) NOT NULL,
  `session_edit_date` datetime NOT NULL,
  `session_edit_user_id` int(11) NOT NULL,
  `session_status` int(11) NOT NULL DEFAULT '0'
) ENGINE=InnoDB DEFAULT CHARSET=utf8;

--
-- Dumping data for table `sessions`
--

INSERT INTO `sessions` (`id`, `session_text`, `session_date`, `session_time`, `session_started`, `session_terminated`, `session_terminated_text`, `session_insertion_date`, `session_insertion_user_id`, `session_edit_date`, `session_edit_user_id`, `session_status`) VALUES
(12, '555                                ', '2017-07-12', '10:30:00', 0, 0, '', '2017-07-13 13:04:04', 22, '2017-07-13 12:59:55', 22, 0),
(13, 'اخر تعديل 2:00                ', '2017-07-13', '10:31:00', 0, 0, '', '2017-07-13 13:46:46', 22, '2017-07-17 08:12:35', 22, 0),
(14, 'المهندس عاطف الطراونة رئيس مجلس النواب يدعو المجلس للاجتماع لمناقشة جدول اعمال الجلسة الثالثة واستكمال ملحق جدول اعمال الجلسة الثانية والمتضمن مشروع قانون معدل لقانون استملاك الاراضي لسنة 2017 , والبدء بجدول اعمال الثالثة اعتبارا من قانون اشهار الذمة , المادة 56 , وزيارة ضريح المغفور له الملك طلال بعد الجلسة .                                                                                                                                                                                                                                                                                                                                                                                                                                                                                                                                                                                ', '2017-07-17', '16:30:00', 0, 0, 'الغيتها حر انا عاطف واعمل اي شي حابه', '2017-07-17 08:56:27', 22, '2017-07-17 11:19:54', 22, 1),
(15, 'قرر سعادة المهندس عاطف الطراونة دعوة للاختبار لمناقشة جدول اعمال الجلسة الثالثة عشر وذلك في تمام الساعة الثانية عشر قرر سعادة المهندس عاطف الطراونة دعوة للاختبار لمناقشة جدول اعمال الجلسة الثالثة عشر وذلك في تمام الساعة الثانية عشر                                                                                                                                                                                                                ', '2017-08-09', '12:30:00', 0, 0, '', '2017-07-26 10:44:04', 22, '2017-08-02 12:40:18', 22, 1),
(16, 'قرر سعادة المهندس عاطف الطراونة دعوة المجلس للاجتماع                                ', '2017-09-06', '10:00:00', 1, 0, '', '2017-09-06 10:07:30', 22, '2017-09-06 10:09:07', 22, 1);

-- --------------------------------------------------------

--
-- Table structure for table `table_live_design`
--

CREATE TABLE `table_live_design` (
  `table_live_design_id` int(11) NOT NULL,
  `table_live_design_font_size` int(11) NOT NULL,
  `table_live_design_event_entity_column_width` int(11) NOT NULL,
  `table_live_design_event_time_column_width` int(11) NOT NULL,
  `table_live_design_event_place_column_width` int(11) NOT NULL,
  `table_live_design_event_subject_column_width` int(11) NOT NULL,
  `table_live_design_status` int(11) NOT NULL DEFAULT '0'
) ENGINE=InnoDB DEFAULT CHARSET=utf8;

--
-- Dumping data for table `table_live_design`
--

INSERT INTO `table_live_design` (`table_live_design_id`, `table_live_design_font_size`, `table_live_design_event_entity_column_width`, `table_live_design_event_time_column_width`, `table_live_design_event_place_column_width`, `table_live_design_event_subject_column_width`, `table_live_design_status`) VALUES
(22, 45, 3, 2, 3, 11, 1);

-- --------------------------------------------------------

--
-- Table structure for table `urgents`
--

CREATE TABLE `urgents` (
  `urgent_id` int(11) NOT NULL,
  `urgent_text` text NOT NULL,
  `directorate_id` int(11) NOT NULL,
  `urgent_date_start` date NOT NULL,
  `urgent_date_end` date DEFAULT NULL,
  `urgent_time_end` time NOT NULL,
  `user_id_insert` int(11) NOT NULL,
  `urgent_insertion_date` datetime NOT NULL DEFAULT CURRENT_TIMESTAMP,
  `user_id_edit` int(11) NOT NULL,
  `urgent_edit_date` datetime NOT NULL,
  `urgent_status` int(11) NOT NULL DEFAULT '0'
) ENGINE=InnoDB DEFAULT CHARSET=utf8;

--
-- Dumping data for table `urgents`
--

INSERT INTO `urgents` (`urgent_id`, `urgent_text`, `directorate_id`, `urgent_date_start`, `urgent_date_end`, `urgent_time_end`, `user_id_insert`, `urgent_insertion_date`, `user_id_edit`, `urgent_edit_date`, `urgent_status`) VALUES
(1, 'اختبار الشاشة اختبار الشاشة اختبار الشاشة ', 3, '2017-10-02', '2017-10-02', '14:50:00', 31, '2017-10-02 14:41:35', 31, '2017-10-02 02:50:00', 1);

-- --------------------------------------------------------

--
-- Table structure for table `users`
--

CREATE TABLE `users` (
  `user_id` int(11) NOT NULL,
  `password` varchar(100) NOT NULL DEFAULT '40bd001563085fc35165329ea1ff5c5ecbdbbeef',
  `user_type` int(11) NOT NULL DEFAULT '2' COMMENT 'this field 0 for the superadmin, 1 for the admin, 2 for the regular user',
  `name` varchar(50) NOT NULL,
  `directorate` int(11) DEFAULT '0' COMMENT 'nothing: 0, general secretary office: 1, legislative affairs: 2, general relations: 3, blocs: 4',
  `department` int(11) DEFAULT '0' COMMENT 'nothing: 0, committies:1, sessions:2'
) ENGINE=InnoDB DEFAULT CHARSET=utf8;

--
-- Dumping data for table `users`
--

INSERT INTO `users` (`user_id`, `password`, `user_type`, `name`, `directorate`, `department`) VALUES
(0, 'a79dbae98810e4789142f2678095c76191868e7c', 0, 'superadmin', 0, 0),
(1, '356a192b7913b04c54574d18c28d46e6395428ab', 2, 'منصور', 1, 0),
(2, 'a79dbae98810e4789142f2678095c76191868e7c', 1, 'committees_user', 2, 0),
(3, '356a192b7913b04c54574d18c28d46e6395428ab', 1, 'هيثم', 3, 0),
(4, '356a192b7913b04c54574d18c28d46e6395428ab', 1, 'اسامة', 4, 0),
(31, '356a192b7913b04c54574d18c28d46e6395428ab', 2, 'علي', 3, 0),
(32, '356a192b7913b04c54574d18c28d46e6395428ab', 2, 'سليمان', 3, 0),
(41, '356a192b7913b04c54574d18c28d46e6395428ab', 2, 'نادر', 4, 0),
(351, '17ba0791499db908433b80f37c5fbc89b870084b', 2, 'فلان 1', 3, 0),
(30563, '15afd7262ebd18f6f7c1401f13249c2afd747402', 2, 'عبدالعزيز السرور', 2, 1),
(30566, '6e80b0dd7715f4a4f185cdab085bc6ad65df8672', 2, 'عبدالله', 2, 1),
(30629, '356a192b7913b04c54574d18c28d46e6395428ab', 2, 'محمد أبو جودة', 2, 1);

-- --------------------------------------------------------

--
-- Table structure for table `user_committee`
--

CREATE TABLE `user_committee` (
  `user_committee_id` int(11) NOT NULL,
  `user_id` int(11) NOT NULL,
  `committee_id` int(11) NOT NULL
) ENGINE=InnoDB DEFAULT CHARSET=utf8;

--
-- Dumping data for table `user_committee`
--

INSERT INTO `user_committee` (`user_committee_id`, `user_id`, `committee_id`) VALUES
(281, 11111111, 12),
(308, 12345, 12),
(341, 7, 7),
(388, 22, 9),
(389, 22, 10),
(390, 22, 11),
(391, 22, 12),
(392, 22, 13),
(393, 22, 14),
(394, 22, 15),
(395, 22, 16),
(396, 22, 17),
(397, 22, 19),
(398, 22, 31),
(399, 22, 38),
(400, 22, 39),
(401, 22, 40),
(402, 22, 41),
(403, 22, 42),
(404, 22, 43),
(405, 22, 44),
(406, 22, 45),
(407, 22, 46),
(408, 25, 9),
(409, 25, 10),
(410, 25, 11),
(411, 25, 12),
(412, 25, 13),
(413, 25, 14),
(414, 25, 15),
(415, 25, 16),
(416, 25, 17),
(417, 25, 19),
(418, 25, 31),
(419, 25, 38),
(420, 25, 39),
(421, 25, 40),
(422, 25, 41),
(423, 25, 42),
(424, 25, 43),
(425, 25, 44),
(426, 25, 45),
(427, 25, 46),
(556, 30563, 9),
(557, 30563, 10),
(558, 30563, 11),
(559, 30563, 12),
(560, 30563, 13),
(561, 30563, 14),
(562, 30563, 15),
(563, 30563, 16),
(564, 30563, 17),
(565, 30563, 19),
(566, 30563, 31),
(567, 30563, 38),
(568, 30563, 39),
(569, 30563, 40),
(570, 30563, 41),
(571, 30563, 42),
(572, 30563, 43),
(573, 30563, 44),
(574, 30563, 45),
(575, 30563, 46),
(576, 30563, 47),
(577, 30629, 9),
(578, 30629, 10),
(579, 30629, 11),
(580, 30629, 12),
(581, 30629, 13),
(582, 30629, 14),
(583, 30629, 15),
(584, 30629, 16),
(585, 30629, 17),
(586, 30629, 19),
(587, 30629, 31),
(588, 30629, 38),
(589, 30629, 39),
(590, 30629, 40),
(591, 30629, 41),
(592, 30629, 42),
(593, 30629, 43),
(594, 30629, 44),
(595, 30629, 45),
(596, 30629, 46),
(597, 30629, 47),
(661, 30566, 10),
(662, 30566, 38),
(663, 30566, 17),
(664, 30566, 13),
(665, 30566, 39),
(666, 30566, 12),
(667, 30566, 16),
(668, 30566, 40),
(669, 30566, 15),
(670, 30566, 41),
(671, 30566, 9),
(672, 30566, 31),
(673, 30566, 11),
(674, 30566, 19),
(675, 30566, 42),
(676, 30566, 43),
(677, 30566, 44),
(678, 30566, 45),
(679, 30566, 14),
(680, 30566, 46),
(681, 30566, 47);

--
-- Indexes for dumped tables
--

--
-- Indexes for table `backgrounds`
--
ALTER TABLE `backgrounds`
  ADD PRIMARY KEY (`background_id`);

--
-- Indexes for table `committees`
--
ALTER TABLE `committees`
  ADD PRIMARY KEY (`committee_id`);

--
-- Indexes for table `device_token`
--
ALTER TABLE `device_token`
  ADD PRIMARY KEY (`device_token_id`);

--
-- Indexes for table `events`
--
ALTER TABLE `events`
  ADD PRIMARY KEY (`id`);

--
-- Indexes for table `event_entity_category`
--
ALTER TABLE `event_entity_category`
  ADD PRIMARY KEY (`event_entity_category_id`);

--
-- Indexes for table `halls`
--
ALTER TABLE `halls`
  ADD PRIMARY KEY (`hall_id`);

--
-- Indexes for table `pages`
--
ALTER TABLE `pages`
  ADD PRIMARY KEY (`page_id`);

--
-- Indexes for table `permissions`
--
ALTER TABLE `permissions`
  ADD PRIMARY KEY (`permission_id`);

--
-- Indexes for table `sessions`
--
ALTER TABLE `sessions`
  ADD PRIMARY KEY (`id`);

--
-- Indexes for table `table_live_design`
--
ALTER TABLE `table_live_design`
  ADD PRIMARY KEY (`table_live_design_id`);

--
-- Indexes for table `urgents`
--
ALTER TABLE `urgents`
  ADD PRIMARY KEY (`urgent_id`);

--
-- Indexes for table `users`
--
ALTER TABLE `users`
  ADD PRIMARY KEY (`user_id`);

--
-- Indexes for table `user_committee`
--
ALTER TABLE `user_committee`
  ADD PRIMARY KEY (`user_committee_id`);

--
-- AUTO_INCREMENT for dumped tables
--

--
-- AUTO_INCREMENT for table `backgrounds`
--
ALTER TABLE `backgrounds`
  MODIFY `background_id` int(11) NOT NULL AUTO_INCREMENT, AUTO_INCREMENT=528;

--
-- AUTO_INCREMENT for table `committees`
--
ALTER TABLE `committees`
  MODIFY `committee_id` int(11) NOT NULL AUTO_INCREMENT, AUTO_INCREMENT=59;

--
-- AUTO_INCREMENT for table `device_token`
--
ALTER TABLE `device_token`
  MODIFY `device_token_id` int(11) NOT NULL AUTO_INCREMENT, AUTO_INCREMENT=638;

--
-- AUTO_INCREMENT for table `events`
--
ALTER TABLE `events`
  MODIFY `id` int(11) NOT NULL AUTO_INCREMENT, AUTO_INCREMENT=196;

--
-- AUTO_INCREMENT for table `event_entity_category`
--
ALTER TABLE `event_entity_category`
  MODIFY `event_entity_category_id` int(11) NOT NULL AUTO_INCREMENT, AUTO_INCREMENT=7;

--
-- AUTO_INCREMENT for table `halls`
--
ALTER TABLE `halls`
  MODIFY `hall_id` int(11) NOT NULL AUTO_INCREMENT, AUTO_INCREMENT=11;

--
-- AUTO_INCREMENT for table `pages`
--
ALTER TABLE `pages`
  MODIFY `page_id` int(11) NOT NULL AUTO_INCREMENT, AUTO_INCREMENT=7;

--
-- AUTO_INCREMENT for table `permissions`
--
ALTER TABLE `permissions`
  MODIFY `permission_id` int(11) NOT NULL AUTO_INCREMENT, AUTO_INCREMENT=4;

--
-- AUTO_INCREMENT for table `sessions`
--
ALTER TABLE `sessions`
  MODIFY `id` int(11) NOT NULL AUTO_INCREMENT, AUTO_INCREMENT=17;

--
-- AUTO_INCREMENT for table `table_live_design`
--
ALTER TABLE `table_live_design`
  MODIFY `table_live_design_id` int(11) NOT NULL AUTO_INCREMENT, AUTO_INCREMENT=23;

--
-- AUTO_INCREMENT for table `urgents`
--
ALTER TABLE `urgents`
  MODIFY `urgent_id` int(11) NOT NULL AUTO_INCREMENT, AUTO_INCREMENT=2;

--
-- AUTO_INCREMENT for table `users`
--
ALTER TABLE `users`
  MODIFY `user_id` int(11) NOT NULL AUTO_INCREMENT, AUTO_INCREMENT=30630;

--
-- AUTO_INCREMENT for table `user_committee`
--
ALTER TABLE `user_committee`
  MODIFY `user_committee_id` int(11) NOT NULL AUTO_INCREMENT, AUTO_INCREMENT=682;
COMMIT;

/*!40101 SET CHARACTER_SET_CLIENT=@OLD_CHARACTER_SET_CLIENT */;
/*!40101 SET CHARACTER_SET_RESULTS=@OLD_CHARACTER_SET_RESULTS */;
/*!40101 SET COLLATION_CONNECTION=@OLD_COLLATION_CONNECTION */;
